-- phpMyAdmin SQL Dump
-- version 5.1.1
-- https://www.phpmyadmin.net/
--
-- Host: 127.0.0.1
-- Generation Time: Jan 29, 2022 at 03:52 PM
-- Server version: 10.4.22-MariaDB
-- PHP Version: 8.1.2

SET SQL_MODE = "NO_AUTO_VALUE_ON_ZERO";
START TRANSACTION;
SET time_zone = "+00:00";


/*!40101 SET @OLD_CHARACTER_SET_CLIENT=@@CHARACTER_SET_CLIENT */;
/*!40101 SET @OLD_CHARACTER_SET_RESULTS=@@CHARACTER_SET_RESULTS */;
/*!40101 SET @OLD_COLLATION_CONNECTION=@@COLLATION_CONNECTION */;
/*!40101 SET NAMES utf8mb4 */;

--
-- Database: `restaurant`
--

-- --------------------------------------------------------

--
-- Table structure for table `authtoken_token`
--

CREATE TABLE `authtoken_token` (
  `key` varchar(40) NOT NULL,
  `created` datetime(6) NOT NULL,
  `user_id` int(11) NOT NULL
) ENGINE=InnoDB DEFAULT CHARSET=utf8mb4;

-- --------------------------------------------------------

--
-- Table structure for table `auth_group`
--

CREATE TABLE `auth_group` (
  `id` int(11) NOT NULL,
  `name` varchar(150) NOT NULL
) ENGINE=InnoDB DEFAULT CHARSET=utf8mb4;

-- --------------------------------------------------------

--
-- Table structure for table `auth_group_permissions`
--

CREATE TABLE `auth_group_permissions` (
  `id` bigint(20) NOT NULL,
  `group_id` int(11) NOT NULL,
  `permission_id` int(11) NOT NULL
) ENGINE=InnoDB DEFAULT CHARSET=utf8mb4;

-- --------------------------------------------------------

--
-- Table structure for table `auth_permission`
--

CREATE TABLE `auth_permission` (
  `id` int(11) NOT NULL,
  `name` varchar(255) NOT NULL,
  `content_type_id` int(11) NOT NULL,
  `codename` varchar(100) NOT NULL
) ENGINE=InnoDB DEFAULT CHARSET=utf8mb4;

--
-- Dumping data for table `auth_permission`
--

INSERT INTO `auth_permission` (`id`, `name`, `content_type_id`, `codename`) VALUES
(1, 'Can add log entry', 1, 'add_logentry'),
(2, 'Can change log entry', 1, 'change_logentry'),
(3, 'Can delete log entry', 1, 'delete_logentry'),
(4, 'Can view log entry', 1, 'view_logentry'),
(5, 'Can add permission', 2, 'add_permission'),
(6, 'Can change permission', 2, 'change_permission'),
(7, 'Can delete permission', 2, 'delete_permission'),
(8, 'Can view permission', 2, 'view_permission'),
(9, 'Can add group', 3, 'add_group'),
(10, 'Can change group', 3, 'change_group'),
(11, 'Can delete group', 3, 'delete_group'),
(12, 'Can view group', 3, 'view_group'),
(13, 'Can add user', 4, 'add_user'),
(14, 'Can change user', 4, 'change_user'),
(15, 'Can delete user', 4, 'delete_user'),
(16, 'Can view user', 4, 'view_user'),
(17, 'Can add content type', 5, 'add_contenttype'),
(18, 'Can change content type', 5, 'change_contenttype'),
(19, 'Can delete content type', 5, 'delete_contenttype'),
(20, 'Can view content type', 5, 'view_contenttype'),
(21, 'Can add session', 6, 'add_session'),
(22, 'Can change session', 6, 'change_session'),
(23, 'Can delete session', 6, 'delete_session'),
(24, 'Can view session', 6, 'view_session'),
(25, 'Can add Token', 7, 'add_token'),
(26, 'Can change Token', 7, 'change_token'),
(27, 'Can delete Token', 7, 'delete_token'),
(28, 'Can view Token', 7, 'view_token'),
(29, 'Can add token', 8, 'add_tokenproxy'),
(30, 'Can change token', 8, 'change_tokenproxy'),
(31, 'Can delete token', 8, 'delete_tokenproxy'),
(32, 'Can view token', 8, 'view_tokenproxy'),
(33, 'Can add item', 9, 'add_item'),
(34, 'Can change item', 9, 'change_item'),
(35, 'Can delete item', 9, 'delete_item'),
(36, 'Can view item', 9, 'view_item'),
(37, 'Can add order', 10, 'add_order'),
(38, 'Can change order', 10, 'change_order'),
(39, 'Can delete order', 10, 'delete_order'),
(40, 'Can view order', 10, 'view_order'),
(41, 'Can add restaurant', 11, 'add_restaurant'),
(42, 'Can change restaurant', 11, 'change_restaurant'),
(43, 'Can delete restaurant', 11, 'delete_restaurant'),
(44, 'Can view restaurant', 11, 'view_restaurant'),
(45, 'Can add order item', 12, 'add_orderitem'),
(46, 'Can change order item', 12, 'change_orderitem'),
(47, 'Can delete order item', 12, 'delete_orderitem'),
(48, 'Can view order item', 12, 'view_orderitem');

-- --------------------------------------------------------

--
-- Table structure for table `auth_user`
--

CREATE TABLE `auth_user` (
  `id` int(11) NOT NULL,
  `password` varchar(128) NOT NULL,
  `last_login` datetime(6) DEFAULT NULL,
  `is_superuser` tinyint(1) NOT NULL,
  `username` varchar(150) NOT NULL,
  `first_name` varchar(150) NOT NULL,
  `last_name` varchar(150) NOT NULL,
  `email` varchar(254) NOT NULL,
  `is_staff` tinyint(1) NOT NULL,
  `is_active` tinyint(1) NOT NULL,
  `date_joined` datetime(6) NOT NULL
) ENGINE=InnoDB DEFAULT CHARSET=utf8mb4;

--
-- Dumping data for table `auth_user`
--

INSERT INTO `auth_user` (`id`, `password`, `last_login`, `is_superuser`, `username`, `first_name`, `last_name`, `email`, `is_staff`, `is_active`, `date_joined`) VALUES
(1, 'pbkdf2_sha256$260000$Mhoa799RpyQuROLxWOM7ac$nQq0xGPvG0xIcn3nyrMpUIJlAtgWUxpejVbAzXojhzM=', '2022-01-29 13:53:09.708803', 1, 'admin', '', '', 'admin@admin.com', 1, 1, '2022-01-27 17:08:14.639310');

-- --------------------------------------------------------

--
-- Table structure for table `auth_user_groups`
--

CREATE TABLE `auth_user_groups` (
  `id` bigint(20) NOT NULL,
  `user_id` int(11) NOT NULL,
  `group_id` int(11) NOT NULL
) ENGINE=InnoDB DEFAULT CHARSET=utf8mb4;

-- --------------------------------------------------------

--
-- Table structure for table `auth_user_user_permissions`
--

CREATE TABLE `auth_user_user_permissions` (
  `id` bigint(20) NOT NULL,
  `user_id` int(11) NOT NULL,
  `permission_id` int(11) NOT NULL
) ENGINE=InnoDB DEFAULT CHARSET=utf8mb4;

-- --------------------------------------------------------

--
-- Table structure for table `django_admin_log`
--

CREATE TABLE `django_admin_log` (
  `id` int(11) NOT NULL,
  `action_time` datetime(6) NOT NULL,
  `object_id` longtext DEFAULT NULL,
  `object_repr` varchar(200) NOT NULL,
  `action_flag` smallint(5) UNSIGNED NOT NULL CHECK (`action_flag` >= 0),
  `change_message` longtext NOT NULL,
  `content_type_id` int(11) DEFAULT NULL,
  `user_id` int(11) NOT NULL
) ENGINE=InnoDB DEFAULT CHARSET=utf8mb4;

--
-- Dumping data for table `django_admin_log`
--

INSERT INTO `django_admin_log` (`id`, `action_time`, `object_id`, `object_repr`, `action_flag`, `change_message`, `content_type_id`, `user_id`) VALUES
(1, '2022-01-27 17:10:37.599093', '1', 'Hogwarts', 1, '[{\"added\": {}}]', 11, 1),
(2, '2022-01-29 13:55:37.138821', '701', 'King Prawn Biryani', 2, '[{\"changed\": {\"fields\": [\"Created at\", \"Updated at\"]}}]', 9, 1),
(3, '2022-01-29 13:56:20.765462', '42', '42', 2, '[{\"changed\": {\"fields\": [\"Created at\", \"Updated at\"]}}]', 10, 1);

-- --------------------------------------------------------

--
-- Table structure for table `django_content_type`
--

CREATE TABLE `django_content_type` (
  `id` int(11) NOT NULL,
  `app_label` varchar(100) NOT NULL,
  `model` varchar(100) NOT NULL
) ENGINE=InnoDB DEFAULT CHARSET=utf8mb4;

--
-- Dumping data for table `django_content_type`
--

INSERT INTO `django_content_type` (`id`, `app_label`, `model`) VALUES
(1, 'admin', 'logentry'),
(3, 'auth', 'group'),
(2, 'auth', 'permission'),
(4, 'auth', 'user'),
(7, 'authtoken', 'token'),
(8, 'authtoken', 'tokenproxy'),
(5, 'contenttypes', 'contenttype'),
(9, 'restaurant', 'item'),
(10, 'restaurant', 'order'),
(12, 'restaurant', 'orderitem'),
(11, 'restaurant', 'restaurant'),
(6, 'sessions', 'session');

-- --------------------------------------------------------

--
-- Table structure for table `django_migrations`
--

CREATE TABLE `django_migrations` (
  `id` bigint(20) NOT NULL,
  `app` varchar(255) NOT NULL,
  `name` varchar(255) NOT NULL,
  `applied` datetime(6) NOT NULL
) ENGINE=InnoDB DEFAULT CHARSET=utf8mb4;

--
-- Dumping data for table `django_migrations`
--

INSERT INTO `django_migrations` (`id`, `app`, `name`, `applied`) VALUES
(1, 'contenttypes', '0001_initial', '2022-01-27 16:19:13.505591'),
(2, 'auth', '0001_initial', '2022-01-27 16:19:21.865441'),
(3, 'admin', '0001_initial', '2022-01-27 16:19:24.197408'),
(4, 'admin', '0002_logentry_remove_auto_add', '2022-01-27 16:19:24.273347'),
(5, 'admin', '0003_logentry_add_action_flag_choices', '2022-01-27 16:19:24.313044'),
(6, 'contenttypes', '0002_remove_content_type_name', '2022-01-27 16:19:24.914315'),
(7, 'auth', '0002_alter_permission_name_max_length', '2022-01-27 16:19:25.937918'),
(8, 'auth', '0003_alter_user_email_max_length', '2022-01-27 16:19:26.155793'),
(9, 'auth', '0004_alter_user_username_opts', '2022-01-27 16:19:26.195770'),
(10, 'auth', '0005_alter_user_last_login_null', '2022-01-27 16:19:27.004308'),
(11, 'auth', '0006_require_contenttypes_0002', '2022-01-27 16:19:27.077266'),
(12, 'auth', '0007_alter_validators_add_error_messages', '2022-01-27 16:19:27.135237'),
(13, 'auth', '0008_alter_user_username_max_length', '2022-01-27 16:19:27.289601'),
(14, 'auth', '0009_alter_user_last_name_max_length', '2022-01-27 16:19:27.428186'),
(15, 'auth', '0010_alter_group_name_max_length', '2022-01-27 16:19:27.563354'),
(16, 'auth', '0011_update_proxy_permissions', '2022-01-27 16:19:27.626319'),
(17, 'auth', '0012_alter_user_first_name_max_length', '2022-01-27 16:19:27.895214'),
(18, 'authtoken', '0001_initial', '2022-01-27 16:19:29.826638'),
(19, 'authtoken', '0002_auto_20160226_1747', '2022-01-27 16:19:30.010182'),
(20, 'authtoken', '0003_tokenproxy', '2022-01-27 16:19:30.077542'),
(21, 'sessions', '0001_initial', '2022-01-27 16:19:30.655320'),
(22, 'restaurant', '0001_initial', '2022-01-27 17:02:48.063247'),
(23, 'restaurant', '0002_alter_restaurant_name', '2022-01-27 17:02:48.761160'),
(24, 'restaurant', '0003_remove_restaurant_location', '2022-01-27 17:09:52.397216'),
(25, 'restaurant', '0004_orderitem_quantity', '2022-01-28 10:47:07.796909'),
(26, 'restaurant', '0005_item_count', '2022-01-28 12:38:34.284403'),
(27, 'restaurant', '0006_item_created_at_item_updated_at', '2022-01-28 13:17:31.605743'),
(28, 'restaurant', '0007_auto_20220129_1654', '2022-01-29 13:54:34.314795'),
(29, 'restaurant', '0008_auto_20220129_1716', '2022-01-29 14:16:32.117419');

-- --------------------------------------------------------

--
-- Table structure for table `django_session`
--

CREATE TABLE `django_session` (
  `session_key` varchar(40) NOT NULL,
  `session_data` longtext NOT NULL,
  `expire_date` datetime(6) NOT NULL
) ENGINE=InnoDB DEFAULT CHARSET=utf8mb4;

--
-- Dumping data for table `django_session`
--

INSERT INTO `django_session` (`session_key`, `session_data`, `expire_date`) VALUES
('acbnd36ivtck4clazki86lseted6l791', '.eJxVjDsOwjAQRO_iGln4G0NJnzNYu-s1DiBbipMKcXcSKQU0U8x7M28RYV1KXDvPcUriKpQ4_XYI9OS6g_SAem-SWl3mCeWuyIN2ObbEr9vh_h0U6GVbgyF2XruAW56HhBQUEoLxysAAltyFPKBmDCn4nK02wOwdmexMsl58vvYpOIo:1nD8GO:m2si8LR42WT8cIjaDxssn-6qVh4NJX3oy4RDpE8deKs', '2022-02-10 17:08:48.628362'),
('qbzhv4a6lp08ho0on12zo94afsmu2ntk', '.eJxVjEEOwiAQAP_C2RBhAalH730D2YVFqgaS0p6MfzckPeh1ZjJvEXDfStg7r2FJ4iqUOP0ywvjkOkR6YL03GVvd1oXkSORhu5xb4tftaP8GBXsZW4UM4M_RWmJC40BNzBdw0Rv0PmeIRieLMPkMhsHr7IAjkWWbNbH4fAHlYzhp:1nDoA9:HAtUnIAKQ_dE-43puArTZ2BRS1uPy8AJjcku2wQw6IM', '2022-02-12 13:53:09.747537');

-- --------------------------------------------------------

--
-- Table structure for table `restaurant_item`
--

CREATE TABLE `restaurant_item` (
  `id` bigint(20) NOT NULL,
  `name` varchar(255) DEFAULT NULL,
  `price` double NOT NULL,
  `restaurant_id` bigint(20) NOT NULL,
  `count` int(11) NOT NULL,
  `created_at` datetime(6) NOT NULL,
  `updated_at` datetime(6) NOT NULL
) ENGINE=InnoDB DEFAULT CHARSET=utf8mb4;

--
-- Dumping data for table `restaurant_item`
--

INSERT INTO `restaurant_item` (`id`, `name`, `price`, `restaurant_id`, `count`, `created_at`, `updated_at`) VALUES
(1, 'Keema Naan', 1, 1, 1, '2022-01-28 13:17:31.161513', '2022-01-29 01:16:43.947832'),
(2, 'Kulcha Naan', 1, 1, 3, '2022-01-28 13:17:31.161513', '2022-01-29 12:58:18.309468'),
(3, 'Plain Rice', 2, 1, 20, '2022-01-28 13:17:31.161513', '2022-01-29 12:58:18.421775'),
(4, 'Peshwari Naan', 1, 1, 1, '2022-01-28 13:17:31.161513', '2022-01-29 02:01:52.495200'),
(5, 'Bombay Aloo', 1, 1, 101, '2022-01-28 13:17:31.161513', '2022-01-29 12:58:18.490472'),
(6, 'Aloo Gobi', 1, 1, 0, '2022-01-28 13:17:31.161513', '2022-01-28 13:17:31.411817'),
(7, 'Chicken Tikka Jalfrezi', 1, 1, 5, '2022-01-28 13:17:31.161513', '2022-01-29 08:10:04.229949'),
(8, 'Mango Chutney', 1, 1, 0, '2022-01-28 13:17:31.161513', '2022-01-28 13:17:31.411817'),
(9, 'Onion Chutney', 1, 1, 0, '2022-01-28 13:17:31.161513', '2022-01-28 13:17:31.411817'),
(10, 'Mint Sauce', 1, 1, 10, '2022-01-28 13:17:31.161513', '2022-01-29 08:10:04.295908'),
(11, 'Lime Pickle', 1, 1, 0, '2022-01-28 13:17:31.161513', '2022-01-28 13:17:31.411817'),
(12, 'Plain Papadum', 4, 1, 0, '2022-01-28 13:17:31.161513', '2022-01-28 13:17:31.411817'),
(13, 'Lemon Rice', 1, 1, 0, '2022-01-28 13:17:31.161513', '2022-01-28 13:17:31.411817'),
(14, 'Tandoori Chicken', 1, 1, 0, '2022-01-28 13:17:31.161513', '2022-01-28 13:17:31.411817'),
(15, 'Curry', 1, 1, 100, '2022-01-28 13:17:31.161513', '2022-01-29 08:10:04.361870'),
(16, 'Tandoori Fish Karahi', 1, 1, 0, '2022-01-28 13:17:31.161513', '2022-01-28 13:17:31.411817'),
(17, 'Mushroom Rice', 2, 1, 0, '2022-01-28 13:17:31.161513', '2022-01-28 13:17:31.411817'),
(18, 'Saag Paneer', 1, 1, 0, '2022-01-28 13:17:31.161513', '2022-01-28 13:17:31.411817'),
(19, 'Butter Chicken', 1, 1, 0, '2022-01-28 13:17:31.161513', '2022-01-28 13:17:31.411817'),
(20, 'Chicken Balti', 1, 1, 0, '2022-01-28 13:17:31.161513', '2022-01-28 13:17:31.411817'),
(21, 'Chapati', 3, 1, 100, '2022-01-28 13:17:31.161513', '2022-01-29 08:10:04.539770'),
(22, 'Vegetable Curry', 1, 1, 100, '2022-01-28 13:17:31.161513', '2022-01-29 08:10:04.439825'),
(23, 'Madras', 1, 1, 0, '2022-01-28 13:17:31.161513', '2022-01-28 13:17:31.411817'),
(24, 'Mixed Raita', 1, 1, 0, '2022-01-28 13:17:31.161513', '2022-01-28 13:17:31.411817'),
(25, 'Lamb Chilli Masala', 1, 1, 100, '2022-01-28 13:17:31.161513', '2022-01-29 08:10:04.605732'),
(26, 'Lamb Balti', 1, 1, 0, '2022-01-28 13:17:31.161513', '2022-01-28 13:17:31.411817'),
(27, 'Pilau Rice', 2, 1, 0, '2022-01-28 13:17:31.161513', '2022-01-28 13:17:31.411817'),
(28, 'Chicken Tikka (Main)', 1, 1, 0, '2022-01-28 13:17:31.161513', '2022-01-28 13:17:31.411817'),
(29, 'Chicken Tikka Masala', 1, 1, 0, '2022-01-28 13:17:31.161513', '2022-01-28 13:17:31.411817'),
(30, 'Chapati', 2, 1, 0, '2022-01-28 13:17:31.161513', '2022-01-28 13:17:31.411817'),
(31, 'Rogon', 1, 1, 0, '2022-01-28 13:17:31.161513', '2022-01-28 13:17:31.411817'),
(32, 'Chicken Biryani', 1, 1, 0, '2022-01-28 13:17:31.161513', '2022-01-28 13:17:31.411817'),
(33, 'Naan', 2, 1, 0, '2022-01-28 13:17:31.161513', '2022-01-28 13:17:31.411817'),
(34, 'Bombay Aloo', 2, 1, 0, '2022-01-28 13:17:31.161513', '2022-01-28 13:17:31.411817'),
(35, 'Curry', 2, 1, 0, '2022-01-28 13:17:31.161513', '2022-01-28 13:17:31.411817'),
(36, 'Red Sauce', 1, 1, 0, '2022-01-28 13:17:31.161513', '2022-01-28 13:17:31.411817'),
(37, 'Plain Papadum', 5, 1, 0, '2022-01-28 13:17:31.161513', '2022-01-28 13:17:31.411817'),
(38, 'Plain Rice', 1, 1, 0, '2022-01-28 13:17:31.161513', '2022-01-28 13:17:31.411817'),
(39, 'Special Fried Rice', 4, 1, 0, '2022-01-28 13:17:31.161513', '2022-01-28 13:17:31.411817'),
(40, 'Chicken Tikka Masala', 2, 1, 0, '2022-01-28 13:17:31.161513', '2022-01-28 13:17:31.411817'),
(41, 'Chicken Chilli Masala', 1, 1, 0, '2022-01-28 13:17:31.161513', '2022-01-28 13:17:31.411817'),
(42, 'Methi', 1, 1, 0, '2022-01-28 13:17:31.161513', '2022-01-28 13:17:31.411817'),
(43, 'Dahi', 1, 1, 0, '2022-01-28 13:17:31.161513', '2022-01-28 13:17:31.411817'),
(44, 'Pilau Rice', 1, 1, 0, '2022-01-28 13:17:31.161513', '2022-01-28 13:17:31.411817'),
(45, 'Vegetable Rice', 1, 1, 0, '2022-01-28 13:17:31.161513', '2022-01-28 13:17:31.411817'),
(46, 'Tandoori Roti', 1, 1, 0, '2022-01-28 13:17:31.161513', '2022-01-28 13:17:31.411817'),
(47, 'Coke 1.5 ltr', 1, 1, 0, '2022-01-28 13:17:31.161513', '2022-01-28 13:17:31.411817'),
(48, 'Plain Papadum', 2, 1, 0, '2022-01-28 13:17:31.161513', '2022-01-28 13:17:31.411817'),
(49, 'Naan', 1, 1, 0, '2022-01-28 13:17:31.161513', '2022-01-28 13:17:31.411817'),
(50, 'French Fries', 1, 1, 0, '2022-01-28 13:17:31.161513', '2022-01-28 13:17:31.411817'),
(51, 'Kurma', 1, 1, 0, '2022-01-28 13:17:31.161513', '2022-01-28 13:17:31.411817'),
(52, 'Plain Papadum', 6, 1, 0, '2022-01-28 13:17:31.161513', '2022-01-28 13:17:31.411817'),
(53, 'Mini Bhaji', 2, 1, 0, '2022-01-28 13:17:31.161513', '2022-01-28 13:17:31.411817'),
(54, 'Kurma', 2, 1, 0, '2022-01-28 13:17:31.161513', '2022-01-28 13:17:31.411817'),
(55, 'Special Fried Rice', 1, 1, 0, '2022-01-28 13:17:31.161513', '2022-01-28 13:17:31.411817'),
(56, 'Garlic Chicken', 1, 1, 0, '2022-01-28 13:17:31.161513', '2022-01-28 13:17:31.411817'),
(57, 'Chicken Royal', 1, 1, 0, '2022-01-28 13:17:31.161513', '2022-01-28 13:17:31.411817'),
(58, 'Pilau Rice', 3, 1, 0, '2022-01-28 13:17:31.161513', '2022-01-28 13:17:31.411817'),
(59, 'Mushroom Rice', 1, 1, 0, '2022-01-28 13:17:31.161513', '2022-01-28 13:17:31.411817'),
(60, 'Bhuna', 1, 1, 0, '2022-01-28 13:17:31.161513', '2022-01-28 13:17:31.411817'),
(61, 'Lamb Tikka Jalfrezi', 1, 1, 0, '2022-01-28 13:17:31.161513', '2022-01-28 13:17:31.411817'),
(62, 'Puree', 1, 1, 0, '2022-01-28 13:17:31.161513', '2022-01-28 13:17:31.411817'),
(63, 'Garlic Naan', 1, 1, 0, '2022-01-28 13:17:31.161513', '2022-01-28 13:17:31.411817'),
(64, 'Prawn Puree', 1, 1, 0, '2022-01-28 13:17:31.161513', '2022-01-28 13:17:31.411817'),
(65, 'Vegetable Karahi', 1, 1, 0, '2022-01-28 13:17:31.161513', '2022-01-28 13:17:31.411817'),
(66, 'Garlic Tikka Chilli Masala', 1, 1, 0, '2022-01-28 13:17:31.161513', '2022-01-28 13:17:31.411817'),
(67, 'Sheek Kehab', 1, 1, 0, '2022-01-28 13:17:31.161513', '2022-01-28 13:17:31.411817'),
(68, 'Saag Bhajee', 1, 1, 0, '2022-01-28 13:17:31.161513', '2022-01-28 13:17:31.411817'),
(69, 'Chapati', 1, 1, 0, '2022-01-28 13:17:31.161513', '2022-01-28 13:17:31.411817'),
(70, 'Diet Coke 1.5 ltr', 1, 1, 0, '2022-01-28 13:17:31.161513', '2022-01-28 13:17:31.411817'),
(71, 'Mushroom', 1, 1, 0, '2022-01-28 13:17:31.161513', '2022-01-28 13:17:31.411817'),
(72, 'Pathia', 1, 1, 0, '2022-01-28 13:17:31.161513', '2022-01-28 13:17:31.411817'),
(73, 'Tandoori Chicken (Main)', 1, 1, 0, '2022-01-28 13:17:31.161513', '2022-01-28 13:17:31.411817'),
(74, 'Chicken Tikka Biryani', 1, 1, 0, '2022-01-28 13:17:31.161513', '2022-01-28 13:17:31.411817'),
(75, 'Plain Papadum', 1, 1, 0, '2022-01-28 13:17:31.161513', '2022-01-28 13:17:31.411817'),
(76, 'Special Fried Rice', 2, 1, 0, '2022-01-28 13:17:31.161513', '2022-01-28 13:17:31.411817'),
(77, 'Chicken Chaat', 1, 1, 0, '2022-01-28 13:17:31.161513', '2022-01-28 13:17:31.411817'),
(78, 'Saag Aloo', 1, 1, 0, '2022-01-28 13:17:31.161513', '2022-01-28 13:17:31.411817'),
(79, 'Chicken Roshni', 1, 1, 0, '2022-01-28 13:17:31.161513', '2022-01-28 13:17:31.411817'),
(80, 'Onion Bhaji', 1, 1, 0, '2022-01-28 13:17:31.161513', '2022-01-28 13:17:31.411817'),
(81, 'Brinjal Bhajee', 1, 1, 0, '2022-01-28 13:17:31.161513', '2022-01-28 13:17:31.411817'),
(82, 'Tandoori Mixed Grill', 1, 1, 0, '2022-01-28 13:17:31.161513', '2022-01-28 13:17:31.411817'),
(83, 'Keema Naan', 2, 1, 0, '2022-01-28 13:17:31.161513', '2022-01-28 13:17:31.411817'),
(84, 'Bhindi Bhajee', 1, 1, 0, '2022-01-28 13:17:31.161513', '2022-01-28 13:17:31.411817'),
(85, 'Mini Bhaji', 1, 1, 0, '2022-01-28 13:17:31.161513', '2022-01-28 13:17:31.411817'),
(86, 'Naan', 3, 1, 0, '2022-01-28 13:17:31.161513', '2022-01-28 13:17:31.411817'),
(87, 'Aloo Peas', 1, 1, 0, '2022-01-28 13:17:31.161513', '2022-01-28 13:17:31.411817'),
(88, 'Jeera Chicken', 1, 1, 0, '2022-01-28 13:17:31.161513', '2022-01-28 13:17:31.411817'),
(89, 'Crispy Aloo', 2, 1, 0, '2022-01-28 13:17:31.161513', '2022-01-28 13:17:31.411817'),
(90, 'Chicken Chaat', 3, 1, 0, '2022-01-28 13:17:31.161513', '2022-01-28 13:17:31.411817'),
(91, 'Chicken Tikka', 1, 1, 0, '2022-01-28 13:17:31.161513', '2022-01-28 13:17:31.411817'),
(92, 'Chana Masala', 1, 1, 0, '2022-01-28 13:17:31.161513', '2022-01-28 13:17:31.411817'),
(93, 'Garlic Mushroom', 1, 1, 0, '2022-01-28 13:17:31.161513', '2022-01-28 13:17:31.411817'),
(94, 'Tarka Dall', 1, 1, 0, '2022-01-28 13:17:31.161513', '2022-01-28 13:17:31.411817'),
(95, 'Mixed Starter', 1, 1, 0, '2022-01-28 13:17:31.161513', '2022-01-28 13:17:31.411817'),
(96, 'Achar Chicken', 1, 1, 0, '2022-01-28 13:17:31.161513', '2022-01-28 13:17:31.411817'),
(97, 'Mango Chutney', 2, 1, 0, '2022-01-28 13:17:31.161513', '2022-01-28 13:17:31.411817'),
(98, 'Keema Rice', 1, 1, 0, '2022-01-28 13:17:31.161513', '2022-01-28 13:17:31.411817'),
(99, 'Vegetable Samosa', 1, 1, 0, '2022-01-28 13:17:31.161513', '2022-01-28 13:17:31.411817'),
(100, 'Chana Chaat', 1, 1, 0, '2022-01-28 13:17:31.161513', '2022-01-28 13:17:31.411817'),
(101, 'Royal Paneer', 1, 1, 0, '2022-01-28 13:17:31.161513', '2022-01-28 13:17:31.411817'),
(102, 'Muttar Paneer', 1, 1, 0, '2022-01-28 13:17:31.161513', '2022-01-28 13:17:31.411817'),
(103, 'Lamb Chops', 1, 1, 0, '2022-01-28 13:17:31.161513', '2022-01-28 13:17:31.411817'),
(104, 'Chicken Tikka Karahi', 1, 1, 0, '2022-01-28 13:17:31.161513', '2022-01-28 13:17:31.411817'),
(105, 'Vindaloo Sauce', 1, 1, 0, '2022-01-28 13:17:31.161513', '2022-01-28 13:17:31.411817'),
(106, 'Vegetable Dansak', 1, 1, 0, '2022-01-28 13:17:31.161513', '2022-01-28 13:17:31.411817'),
(107, 'Chicken Karahi', 1, 1, 0, '2022-01-28 13:17:31.161513', '2022-01-28 13:17:31.411817'),
(108, 'Lamb Shashlick Curry', 1, 1, 0, '2022-01-28 13:17:31.161513', '2022-01-28 13:17:31.411817'),
(109, 'Chicken Tikka Masala', 3, 1, 0, '2022-01-28 13:17:31.161513', '2022-01-28 13:17:31.411817'),
(110, 'Lemonade 1.5 ltr', 1, 1, 0, '2022-01-28 13:17:31.161513', '2022-01-28 13:17:31.411817'),
(111, 'French Fries', 2, 1, 0, '2022-01-28 13:17:31.161513', '2022-01-28 13:17:31.411817'),
(112, 'Lamb Tikka', 1, 1, 0, '2022-01-28 13:17:31.161513', '2022-01-28 13:17:31.411817'),
(113, 'Saag', 1, 1, 0, '2022-01-28 13:17:31.161513', '2022-01-28 13:17:31.411817'),
(114, 'Garlic Naan', 2, 1, 0, '2022-01-28 13:17:31.161513', '2022-01-28 13:17:31.411817'),
(115, 'Chicken Chaat', 2, 1, 0, '2022-01-28 13:17:31.161513', '2022-01-28 13:17:31.411817'),
(116, 'King Prawn Puree', 1, 1, 0, '2022-01-28 13:17:31.161513', '2022-01-28 13:17:31.411817'),
(117, 'Garlic Naan', 3, 1, 0, '2022-01-28 13:17:31.161513', '2022-01-28 13:17:31.411817'),
(118, 'Aloo Chaat', 1, 1, 0, '2022-01-28 13:17:31.161513', '2022-01-28 13:17:31.411817'),
(119, 'Aloo Gobi', 2, 1, 0, '2022-01-28 13:17:31.161513', '2022-01-28 13:17:31.411817'),
(120, 'Plain Papadum', 3, 1, 0, '2022-01-28 13:17:31.161513', '2022-01-28 13:17:31.411817'),
(121, 'Lamb Chops (Main)', 1, 1, 0, '2022-01-28 13:17:31.161513', '2022-01-28 13:17:31.411817'),
(122, 'Spicy Papadum', 2, 1, 0, '2022-01-28 13:17:31.161513', '2022-01-28 13:17:31.411817'),
(123, 'Plain Papadum', 7, 1, 0, '2022-01-28 13:17:31.161513', '2022-01-28 13:17:31.411817'),
(124, 'Pilau Rice', 4, 1, 0, '2022-01-28 13:17:31.161513', '2022-01-28 13:17:31.411817'),
(125, 'Keema Naan', 3, 1, 0, '2022-01-28 13:17:31.161513', '2022-01-28 13:17:31.411817'),
(126, 'Chicken Tikka Masala', 4, 1, 0, '2022-01-28 13:17:31.161513', '2022-01-28 13:17:31.411817'),
(127, 'Chicken Tikka Pasanda', 1, 1, 0, '2022-01-28 13:17:31.161513', '2022-01-28 13:17:31.411817'),
(128, 'Cauliflower Bhajee', 1, 1, 0, '2022-01-28 13:17:31.161513', '2022-01-28 13:17:31.411817'),
(129, 'Mushroom Bhajee', 1, 1, 0, '2022-01-28 13:17:31.161513', '2022-01-28 13:17:31.411817'),
(130, 'Chicken Tikka Biryani', 2, 1, 0, '2022-01-28 13:17:31.161513', '2022-01-28 13:17:31.411817'),
(131, 'Green Salad', 1, 1, 0, '2022-01-28 13:17:31.161513', '2022-01-28 13:17:31.411817'),
(132, 'Lamb Biryani', 1, 1, 0, '2022-01-28 13:17:31.161513', '2022-01-28 13:17:31.411817'),
(133, 'Crispy Aloo', 1, 1, 0, '2022-01-28 13:17:31.161513', '2022-01-28 13:17:31.411817'),
(134, 'Spicy Papadum', 1, 1, 0, '2022-01-28 13:17:31.161513', '2022-01-28 13:17:31.411817'),
(135, 'Dhansak', 1, 1, 0, '2022-01-28 13:17:31.161513', '2022-01-28 13:17:31.411817'),
(136, 'Tandoori Chicken Masala', 1, 1, 0, '2022-01-28 13:17:31.161513', '2022-01-28 13:17:31.411817'),
(137, 'Saag Rice', 1, 1, 0, '2022-01-28 13:17:31.161513', '2022-01-28 13:17:31.411817'),
(138, 'Murgh Masala', 1, 1, 0, '2022-01-28 13:17:31.161513', '2022-01-28 13:17:31.411817'),
(139, 'Onion Chutney', 2, 1, 0, '2022-01-28 13:17:31.161513', '2022-01-28 13:17:31.411817'),
(140, 'Chicken Tikka Balti', 1, 1, 0, '2022-01-28 13:17:31.161513', '2022-01-28 13:17:31.411817'),
(141, 'Masala Sauce', 1, 1, 0, '2022-01-28 13:17:31.161513', '2022-01-28 13:17:31.411817'),
(142, 'Paneer Shaslick', 1, 1, 0, '2022-01-28 13:17:31.161513', '2022-01-28 13:17:31.411817'),
(143, 'Tandoori Mixed Grill', 2, 1, 0, '2022-01-28 13:17:31.161513', '2022-01-28 13:17:31.411817'),
(144, 'Kulcha Naan', 2, 1, 0, '2022-01-28 13:17:31.161513', '2022-01-28 13:17:31.411817'),
(145, 'Paneer Tikka Masala', 1, 1, 0, '2022-01-28 13:17:31.161513', '2022-01-28 13:17:31.411817'),
(146, 'Chapati', 4, 1, 0, '2022-01-28 13:17:31.161513', '2022-01-28 13:17:31.411817'),
(147, 'Meat Samosa', 1, 1, 0, '2022-01-28 13:17:31.161513', '2022-01-28 13:17:31.411817'),
(148, 'Lamb Tikka Pasanda', 1, 1, 0, '2022-01-28 13:17:31.161513', '2022-01-28 13:17:31.411817'),
(149, 'Naan', 4, 1, 0, '2022-01-28 13:17:31.161513', '2022-01-28 13:17:31.411817'),
(150, 'Mixed Starter', 2, 1, 0, '2022-01-28 13:17:31.161513', '2022-01-28 13:17:31.411817'),
(151, 'Garlic Naan', 4, 1, 0, '2022-01-28 13:17:31.161513', '2022-01-28 13:17:31.411817'),
(152, 'Lal Mirch Lamb', 1, 1, 0, '2022-01-28 13:17:31.161513', '2022-01-28 13:17:31.411817'),
(153, 'Chicken Rezala', 1, 1, 0, '2022-01-28 13:17:31.161513', '2022-01-28 13:17:31.411817'),
(154, 'Dupiaza', 1, 1, 0, '2022-01-28 13:17:31.161513', '2022-01-28 13:17:31.411817'),
(155, 'Peshwari Naan', 2, 1, 0, '2022-01-28 13:17:31.161513', '2022-01-28 13:17:31.411817'),
(156, 'Onion Rice', 1, 1, 0, '2022-01-28 13:17:31.161513', '2022-01-28 13:17:31.411817'),
(157, 'Mint Sauce', 3, 1, 0, '2022-01-28 13:17:31.161513', '2022-01-28 13:17:31.411817'),
(158, 'Onion Chutney', 3, 1, 0, '2022-01-28 13:17:31.161513', '2022-01-28 13:17:31.411817'),
(159, 'Vegetable Samba', 1, 1, 0, '2022-01-28 13:17:31.161513', '2022-01-28 13:17:31.411817'),
(160, 'Tandoori Fish Jalfrezi', 1, 1, 0, '2022-01-28 13:17:31.161513', '2022-01-28 13:17:31.411817'),
(161, 'King Prawn Shaslick', 1, 1, 0, '2022-01-28 13:17:31.161513', '2022-01-28 13:17:31.411817'),
(162, 'Paratha', 1, 1, 0, '2022-01-28 13:17:31.161513', '2022-01-28 13:17:31.411817'),
(163, 'Dhansak', 2, 1, 0, '2022-01-28 13:17:31.161513', '2022-01-28 13:17:31.411817'),
(164, 'Saag Dall', 1, 1, 0, '2022-01-28 13:17:31.161513', '2022-01-28 13:17:31.411817'),
(165, 'Chilli Paneer', 1, 1, 0, '2022-01-28 13:17:31.161513', '2022-01-28 13:17:31.411817'),
(166, 'Curry Sauce', 1, 1, 0, '2022-01-28 13:17:31.161513', '2022-01-28 13:17:31.411817'),
(167, 'Vegetable Biryani', 1, 1, 0, '2022-01-28 13:17:31.161513', '2022-01-28 13:17:31.411817'),
(168, 'King Prawn Royal', 1, 1, 0, '2022-01-28 13:17:31.161513', '2022-01-28 13:17:31.411817'),
(169, 'Lamb Karahi', 1, 1, 0, '2022-01-28 13:17:31.161513', '2022-01-28 13:17:31.411817'),
(170, 'Onion Bhaji', 2, 1, 0, '2022-01-28 13:17:31.161513', '2022-01-28 13:17:31.411817'),
(171, 'Saag Aloo', 2, 1, 0, '2022-01-28 13:17:31.161513', '2022-01-28 13:17:31.411817'),
(172, 'Chicken Tikka (Main)', 2, 1, 0, '2022-01-28 13:17:31.161513', '2022-01-28 13:17:31.411817'),
(173, 'Sheek Kebab (Main)', 2, 1, 0, '2022-01-28 13:17:31.161513', '2022-01-28 13:17:31.411817'),
(174, 'Mint Sauce', 2, 1, 0, '2022-01-28 13:17:31.161513', '2022-01-28 13:17:31.411817'),
(175, 'Lamb Tikka Masala', 1, 1, 0, '2022-01-28 13:17:31.161513', '2022-01-28 13:17:31.411817'),
(176, 'Chana Chaat', 2, 1, 0, '2022-01-28 13:17:31.161513', '2022-01-28 13:17:31.411817'),
(177, 'Garlic Rice', 1, 1, 0, '2022-01-28 13:17:31.161513', '2022-01-28 13:17:31.411817'),
(178, 'Mango Chutney', 3, 1, 0, '2022-01-28 13:17:31.161513', '2022-01-28 13:17:31.411817'),
(179, 'Persian Lamb Biryani', 1, 1, 0, '2022-01-28 13:17:31.161513', '2022-01-28 13:17:31.411817'),
(180, 'Tandoori King Prawn Garlic', 2, 1, 0, '2022-01-28 13:17:31.161513', '2022-01-28 13:17:31.411817'),
(181, 'Aloo Brinjal', 1, 1, 0, '2022-01-28 13:17:31.161513', '2022-01-28 13:17:31.411817'),
(182, 'Stuffed Paratha', 1, 1, 0, '2022-01-28 13:17:31.161513', '2022-01-28 13:17:31.411817'),
(183, 'King Prawn Butterfly', 1, 1, 0, '2022-01-28 13:17:31.161513', '2022-01-28 13:17:31.411817'),
(184, 'Tandoori King Prawn Garlic', 1, 1, 0, '2022-01-28 13:17:31.161513', '2022-01-28 13:17:31.411817'),
(185, 'Sheek Kebab (Main)', 1, 1, 0, '2022-01-28 13:17:31.161513', '2022-01-28 13:17:31.411817'),
(186, 'Chicken Pakora', 1, 1, 0, '2022-01-28 13:17:31.161513', '2022-01-28 13:17:31.411817'),
(187, 'Grapes Special', 1, 1, 0, '2022-01-28 13:17:31.161513', '2022-01-28 13:17:31.411817'),
(188, 'Chicken Sylhet', 1, 1, 0, '2022-01-28 13:17:31.161513', '2022-01-28 13:17:31.411817'),
(189, 'Prawn Balti', 1, 1, 0, '2022-01-28 13:17:31.161513', '2022-01-28 13:17:31.411817'),
(190, 'Special Fried Rice', 3, 1, 0, '2022-01-28 13:17:31.161513', '2022-01-28 13:17:31.411817'),
(191, 'Tandoori Fish (Main)', 1, 1, 0, '2022-01-28 13:17:31.161513', '2022-01-28 13:17:31.411817'),
(192, 'Prawn Karahi', 1, 1, 0, '2022-01-28 13:17:31.161513', '2022-01-28 13:17:31.411817'),
(193, 'Vindaloo', 1, 1, 0, '2022-01-28 13:17:31.161513', '2022-01-28 13:17:31.411817'),
(194, 'Cylon', 1, 1, 0, '2022-01-28 13:17:31.161513', '2022-01-28 13:17:31.411817'),
(195, 'Chicken Shashlick', 1, 1, 0, '2022-01-28 13:17:31.161513', '2022-01-28 13:17:31.411817'),
(196, 'Achar Lamb', 1, 1, 0, '2022-01-28 13:17:31.161513', '2022-01-28 13:17:31.411817'),
(197, 'Prawn Puree', 2, 1, 0, '2022-01-28 13:17:31.161513', '2022-01-28 13:17:31.411817'),
(198, 'Dahi', 2, 1, 0, '2022-01-28 13:17:31.161513', '2022-01-28 13:17:31.411817'),
(199, 'Garlic Naan', 5, 1, 0, '2022-01-28 13:17:31.161513', '2022-01-28 13:17:31.411817'),
(200, 'Aloo Chaat', 3, 1, 0, '2022-01-28 13:17:31.161513', '2022-01-28 13:17:31.411817'),
(201, 'Vegetable Samosa', 2, 1, 0, '2022-01-28 13:17:31.161513', '2022-01-28 13:17:31.411817'),
(202, 'Red Sauce', 2, 1, 0, '2022-01-28 13:17:31.161513', '2022-01-28 13:17:31.411817'),
(203, 'Chicken Tikka', 2, 1, 0, '2022-01-28 13:17:31.161513', '2022-01-28 13:17:31.411817'),
(204, 'Vegetable Masala', 1, 1, 0, '2022-01-28 13:17:31.161513', '2022-01-28 13:17:31.411817'),
(205, 'Mushroom Rice', 3, 1, 0, '2022-01-28 13:17:31.161513', '2022-01-28 13:17:31.411817'),
(206, 'Butter Chicken', 2, 1, 0, '2022-01-28 13:17:31.161513', '2022-01-28 13:17:31.411817'),
(207, 'Sheek Kebab (Main)', 3, 1, 0, '2022-01-28 13:17:31.161513', '2022-01-28 13:17:31.411817'),
(208, 'Garlic Lamb', 1, 1, 0, '2022-01-28 13:17:31.161513', '2022-01-28 13:17:31.411817'),
(209, 'Tandoori Fish', 1, 1, 0, '2022-01-28 13:17:31.161513', '2022-01-28 13:17:31.411817'),
(210, 'Lamb Shashlick', 1, 1, 0, '2022-01-28 13:17:31.161513', '2022-01-28 13:17:31.411817'),
(211, 'Lamb Tikka Sizzler', 1, 1, 0, '2022-01-28 13:17:31.161513', '2022-01-28 13:17:31.411817'),
(212, 'Paratha', 3, 1, 0, '2022-01-28 13:17:31.161513', '2022-01-28 13:17:31.411817'),
(213, 'Kurma Sauce', 1, 1, 0, '2022-01-28 13:17:31.161513', '2022-01-28 13:17:31.411817'),
(214, 'Sheek Kehab', 2, 1, 0, '2022-01-28 13:17:31.161513', '2022-01-28 13:17:31.411817'),
(215, 'Garlic Mushroom', 2, 1, 0, '2022-01-28 13:17:31.161513', '2022-01-28 13:17:31.411817'),
(216, 'Garlic Mirch Chicken', 1, 1, 0, '2022-01-28 13:17:31.161513', '2022-01-28 13:17:31.411817'),
(217, 'Egg Rice', 1, 1, 0, '2022-01-28 13:17:31.161513', '2022-01-28 13:17:31.411817'),
(218, 'House white wine 75cl', 1, 1, 0, '2022-01-28 13:17:31.161513', '2022-01-28 13:17:31.411817'),
(219, 'Persian Chicken Biryani', 1, 1, 0, '2022-01-28 13:17:31.161513', '2022-01-28 13:17:31.411817'),
(220, 'Chicken Balti', 2, 1, 0, '2022-01-28 13:17:31.161513', '2022-01-28 13:17:31.411817'),
(221, 'Chicken Biryani', 2, 1, 0, '2022-01-28 13:17:31.161513', '2022-01-28 13:17:31.411817'),
(222, 'Meat Samosa', 2, 1, 0, '2022-01-28 13:17:31.161513', '2022-01-28 13:17:31.411817'),
(223, 'Bhindi Bhajee', 2, 1, 0, '2022-01-28 13:17:31.161513', '2022-01-28 13:17:31.411817'),
(224, 'COBRA (660ML)', 1, 1, 0, '2022-01-28 13:17:31.161513', '2022-01-28 13:17:31.411817'),
(225, 'Lamb Roshni', 1, 1, 0, '2022-01-28 13:17:31.161513', '2022-01-28 13:17:31.411817'),
(226, 'Saag', 2, 1, 0, '2022-01-28 13:17:31.161513', '2022-01-28 13:17:31.411817'),
(227, 'Garlic Chicken Rice', 1, 1, 0, '2022-01-28 13:17:31.161513', '2022-01-28 13:17:31.411817'),
(228, 'Jinga Chillies', 1, 1, 0, '2022-01-28 13:17:31.161513', '2022-01-28 13:17:31.411817'),
(229, 'Tandoori Paratha', 1, 1, 0, '2022-01-28 13:17:31.161513', '2022-01-28 13:17:31.411817'),
(230, 'Murgh Masala', 2, 1, 0, '2022-01-28 13:17:31.161513', '2022-01-28 13:17:31.411817'),
(231, 'Madras', 2, 1, 0, '2022-01-28 13:17:31.161513', '2022-01-28 13:17:31.411817'),
(232, 'COBRA (660ML)', 2, 1, 0, '2022-01-28 13:17:31.161513', '2022-01-28 13:17:31.411817'),
(233, 'Bangon Hari Mirch', 1, 1, 0, '2022-01-28 13:17:31.161513', '2022-01-28 13:17:31.411817'),
(234, 'Lamb Tikka Biryani', 1, 1, 0, '2022-01-28 13:17:31.161513', '2022-01-28 13:17:31.411817'),
(235, 'Paratha', 2, 1, 0, '2022-01-28 13:17:31.161513', '2022-01-28 13:17:31.411817'),
(236, 'Tandoori King Prawn Masala', 1, 1, 0, '2022-01-28 13:17:31.161513', '2022-01-28 13:17:31.411817'),
(237, 'Kurma', 3, 1, 0, '2022-01-28 13:17:31.161513', '2022-01-28 13:17:31.411817'),
(238, 'Bhuna', 2, 1, 0, '2022-01-28 13:17:31.161513', '2022-01-28 13:17:31.411817'),
(239, 'Saag Paneer', 2, 1, 0, '2022-01-28 13:17:31.161513', '2022-01-28 13:17:31.411817'),
(240, 'Korma', 1, 1, 0, '2022-01-28 13:17:31.161513', '2022-01-28 13:17:31.411817'),
(241, 'Prawn Biryani', 1, 1, 0, '2022-01-28 13:17:31.161513', '2022-01-28 13:17:31.411817'),
(242, 'Lamb Balti', 2, 1, 0, '2022-01-28 13:17:31.161513', '2022-01-28 13:17:31.411817'),
(243, 'COBRA (330ML)', 1, 1, 0, '2022-01-28 13:17:31.161513', '2022-01-28 13:17:31.411817'),
(244, 'Jeera Chicken', 2, 1, 0, '2022-01-28 13:17:31.161513', '2022-01-28 13:17:31.411817'),
(245, 'Chapati', 5, 1, 0, '2022-01-28 13:17:31.161513', '2022-01-28 13:17:31.411817'),
(246, 'Korma', 3, 1, 0, '2022-01-28 13:17:31.161513', '2022-01-28 13:17:31.411817'),
(247, 'Keema Rice', 2, 1, 0, '2022-01-28 13:17:31.161513', '2022-01-28 13:17:31.411817'),
(248, 'Chicken Chilli Suka', 1, 1, 0, '2022-01-28 13:17:31.161513', '2022-01-28 13:17:31.411817'),
(249, 'Paneer Dansak', 1, 1, 0, '2022-01-28 13:17:31.161513', '2022-01-28 13:17:31.411817'),
(250, 'Lamb Tikka Karahi', 1, 1, 0, '2022-01-28 13:17:31.161513', '2022-01-28 13:17:31.411817'),
(251, 'Plain Rice', 3, 1, 0, '2022-01-28 13:17:31.161513', '2022-01-28 13:17:31.411817'),
(252, 'Korma', 2, 1, 0, '2022-01-28 13:17:31.161513', '2022-01-28 13:17:31.411817'),
(253, 'Chicken Shashlick Curry', 1, 1, 0, '2022-01-28 13:17:31.161513', '2022-01-28 13:17:31.411817'),
(254, 'Paneer Sizzler', 1, 1, 0, '2022-01-28 13:17:31.161513', '2022-01-28 13:17:31.411817'),
(255, 'Butter Chicken', 3, 1, 0, '2022-01-28 13:17:31.161513', '2022-01-28 13:17:31.411817'),
(256, 'Tandoori Mixed Grill', 4, 1, 0, '2022-01-28 13:17:31.161513', '2022-01-28 13:17:31.411817'),
(257, 'Vegetable Balti', 1, 1, 1, '2022-01-28 13:17:31.161513', '2022-01-29 01:16:44.070759'),
(258, 'Vindaloo', 2, 1, 0, '2022-01-28 13:17:31.161513', '2022-01-28 13:17:31.411817'),
(259, 'Mint Sauce', 4, 1, 0, '2022-01-28 13:17:31.161513', '2022-01-28 13:17:31.411817'),
(260, 'Lamb Biryani', 2, 1, 2, '2022-01-28 13:17:31.161513', '2022-01-29 02:01:52.629874'),
(261, 'Lamb Tikka Balti', 1, 1, 0, '2022-01-28 13:17:31.161513', '2022-01-28 13:17:31.411817'),
(262, 'King Prawn Karahi', 1, 1, 0, '2022-01-28 13:17:31.161513', '2022-01-28 13:17:31.411817'),
(263, 'Tandoori Chicken', 2, 1, 0, '2022-01-28 13:17:31.161513', '2022-01-28 13:17:31.411817'),
(264, 'Madras', 3, 1, 0, '2022-01-28 13:17:31.161513', '2022-01-28 13:17:31.411817'),
(265, 'Mango Chutney', 4, 1, 0, '2022-01-28 13:17:31.161513', '2022-01-28 13:17:31.411817'),
(266, 'Plain Papadum', 8, 1, 0, '2022-01-28 13:17:31.161513', '2022-01-28 13:17:31.411817'),
(267, 'Garlic Tikka Chilli Masala', 2, 1, 0, '2022-01-28 13:17:31.161513', '2022-01-28 13:17:31.411817'),
(268, 'Chicken Chaat (Main)', 1, 1, 0, '2022-01-28 13:17:31.161513', '2022-01-28 13:17:31.411817'),
(269, 'Chicken Tikka Jalfrezi', 2, 1, 0, '2022-01-28 13:17:31.161513', '2022-01-28 13:17:31.411817'),
(270, 'Madras Sauce', 1, 1, 0, '2022-01-28 13:17:31.161513', '2022-01-28 13:17:31.411817'),
(271, 'Korma Sauce', 1, 1, 0, '2022-01-28 13:17:31.161513', '2022-01-28 13:17:31.411817'),
(272, 'Mango Chutney', 5, 1, 0, '2022-01-28 13:17:31.161513', '2022-01-28 13:17:31.411817'),
(273, 'Plain Papadum', 10, 1, 0, '2022-01-28 13:17:31.161513', '2022-01-28 13:17:31.411817'),
(274, 'King Prawn Balti', 1, 1, 0, '2022-01-28 13:17:31.161513', '2022-01-28 13:17:31.411817'),
(275, 'Spicy Papadum', 4, 1, 0, '2022-01-28 13:17:31.161513', '2022-01-28 13:17:31.411817'),
(276, 'Tarka Dall', 2, 1, 0, '2022-01-28 13:17:31.161513', '2022-01-28 13:17:31.411817'),
(277, 'Paneer Tikka Masala', 2, 1, 0, '2022-01-28 13:17:31.161513', '2022-01-28 13:17:31.411817'),
(278, 'Chicken Tikka Sizzler', 1, 1, 0, '2022-01-28 13:17:31.161513', '2022-01-28 13:17:31.411817'),
(279, 'Tandoori Roti', 2, 1, 0, '2022-01-28 13:17:31.161513', '2022-01-28 13:17:31.411817'),
(280, 'Saag Rice', 2, 1, 0, '2022-01-28 13:17:31.161513', '2022-01-28 13:17:31.411817'),
(281, 'Tandoori Fish Jalfrezi', 2, 1, 0, '2022-01-28 13:17:31.161513', '2022-01-28 13:17:31.411817'),
(282, 'Chana Masala', 2, 1, 0, '2022-01-28 13:17:31.161513', '2022-01-28 13:17:31.411817'),
(283, 'Chicken Royal', 2, 1, 0, '2022-01-28 13:17:31.161513', '2022-01-28 13:17:31.411817'),
(284, 'Meat Samosa', 4, 1, 0, '2022-01-28 13:17:31.161513', '2022-01-28 13:17:31.411817'),
(285, 'King Prawn Royal', 2, 1, 0, '2022-01-28 13:17:31.161513', '2022-01-28 13:17:31.411817'),
(286, 'Crispy Aloo', 3, 1, 0, '2022-01-28 13:17:31.161513', '2022-01-28 13:17:31.411817'),
(287, 'Aloo Peas', 3, 1, 0, '2022-01-28 13:17:31.161513', '2022-01-28 13:17:31.411817'),
(288, 'Bhindi Bhajee', 3, 1, 0, '2022-01-28 13:17:31.161513', '2022-01-28 13:17:31.411817'),
(289, 'Grapes Special', 3, 1, 0, '2022-01-28 13:17:31.161513', '2022-01-28 13:17:31.411817'),
(290, 'Chicken Roshni', 2, 1, 0, '2022-01-28 13:17:31.161513', '2022-01-28 13:17:31.411817'),
(291, 'Chicken Chaat (Main)', 2, 1, 0, '2022-01-28 13:17:31.161513', '2022-01-28 13:17:31.411817'),
(292, 'Plain Rice', 4, 1, 0, '2022-01-28 13:17:31.161513', '2022-01-28 13:17:31.411817'),
(293, 'Dupiaza', 2, 1, 0, '2022-01-28 13:17:31.161513', '2022-01-28 13:17:31.411817'),
(294, 'Red Sauce', 3, 1, 0, '2022-01-28 13:17:31.161513', '2022-01-28 13:17:31.411817'),
(295, 'Lal Mirch Chicken', 1, 1, 0, '2022-01-28 13:17:31.161513', '2022-01-28 13:17:31.411817'),
(296, 'Egg Rice', 2, 1, 0, '2022-01-28 13:17:31.161513', '2022-01-28 13:17:31.411817'),
(297, 'Bombay', 1, 1, 0, '2022-01-28 13:17:31.161513', '2022-01-28 13:17:31.411817'),
(298, 'Stuffed Paratha', 2, 1, 0, '2022-01-28 13:17:31.161513', '2022-01-28 13:17:31.411817'),
(299, 'Lime Pickle', 2, 1, 0, '2022-01-28 13:17:31.161513', '2022-01-28 13:17:31.411817'),
(300, 'Plain Papadum', 20, 1, 0, '2022-01-28 13:17:31.161513', '2022-01-28 13:17:31.411817'),
(301, 'Lamb Chops', 2, 1, 0, '2022-01-28 13:17:31.161513', '2022-01-28 13:17:31.411817'),
(302, 'King Prawn Puree', 2, 1, 0, '2022-01-28 13:17:31.161513', '2022-01-28 13:17:31.411817'),
(303, 'Coke 1.5 ltr', 2, 1, 0, '2022-01-28 13:17:31.161513', '2022-01-28 13:17:31.411817'),
(304, 'Pilau Rice', 5, 1, 0, '2022-01-28 13:17:31.161513', '2022-01-28 13:17:31.411817'),
(305, 'Korma', 4, 1, 0, '2022-01-28 13:17:31.161513', '2022-01-28 13:17:31.411817'),
(306, 'Malaya', 1, 1, 0, '2022-01-28 13:17:31.161513', '2022-01-28 13:17:31.411817'),
(307, 'Plain Rice', 5, 1, 0, '2022-01-28 13:17:31.161513', '2022-01-28 13:17:31.411817'),
(308, 'Coke 1.5 ltr', 3, 1, 0, '2022-01-28 13:17:31.161513', '2022-01-28 13:17:31.411817'),
(309, 'King Prawn Biryani', 1, 1, 0, '2022-01-28 13:17:31.161513', '2022-01-28 13:17:31.411817'),
(310, 'Vegetable Rice', 2, 1, 0, '2022-01-28 13:17:31.161513', '2022-01-28 13:17:31.411817'),
(311, 'Spicy Papadum', 3, 1, 0, '2022-01-28 13:17:31.161513', '2022-01-28 13:17:31.411817'),
(312, 'Peshwari Naan', 3, 1, 0, '2022-01-28 13:17:31.161513', '2022-01-28 13:17:31.411817'),
(313, 'Lamb Sylhet', 1, 1, 0, '2022-01-28 13:17:31.161513', '2022-01-28 13:17:31.411817'),
(314, 'Naan', 5, 1, 0, '2022-01-28 13:17:31.161513', '2022-01-28 13:17:31.411817'),
(315, 'Lamb Tikka Biryani', 2, 1, 0, '2022-01-28 13:17:31.161513', '2022-01-28 13:17:31.411817'),
(316, 'Plain Papadum', 15, 1, 0, '2022-01-28 13:17:31.161513', '2022-01-28 13:17:31.411817'),
(317, 'Bombay Aloo', 3, 1, 0, '2022-01-28 13:17:31.161513', '2022-01-28 13:17:31.411817'),
(318, 'Vindaloo Sauce', 2, 1, 0, '2022-01-28 13:17:31.161513', '2022-01-28 13:17:31.411817'),
(319, 'Vegetable Korma', 1, 1, 0, '2022-01-28 13:17:31.161513', '2022-01-28 13:17:31.411817'),
(320, 'Onion Rice', 2, 1, 0, '2022-01-28 13:17:31.161513', '2022-01-28 13:17:31.411817'),
(321, 'Mango Chutney', 6, 1, 0, '2022-01-28 13:17:31.161513', '2022-01-28 13:17:31.411817'),
(322, 'Onion Chutney', 4, 1, 0, '2022-01-28 13:17:31.161513', '2022-01-28 13:17:31.411817'),
(323, 'Lamb Tikka (Main)', 1, 1, 0, '2022-01-28 13:17:31.161513', '2022-01-28 13:17:31.411817'),
(324, 'Plain Papadum', 12, 1, 0, '2022-01-28 13:17:31.161513', '2022-01-28 13:17:31.411817'),
(325, 'King Prawn Shaslick', 2, 1, 0, '2022-01-28 13:17:31.161513', '2022-01-28 13:17:31.411817'),
(326, 'Chicken Chilli Masala', 2, 1, 0, '2022-01-28 13:17:31.161513', '2022-01-28 13:17:31.411817'),
(327, 'Tandoori Chicken Masala', 2, 1, 0, '2022-01-28 13:17:31.161513', '2022-01-28 13:17:31.411817'),
(328, 'Lamb Rezala', 1, 1, 0, '2022-01-28 13:17:31.161513', '2022-01-28 13:17:31.411817'),
(329, 'Lemon Rice', 2, 1, 0, '2022-01-28 13:17:31.161513', '2022-01-28 13:17:31.411817'),
(330, 'Tandoori Roti', 4, 1, 0, '2022-01-28 13:17:31.161513', '2022-01-28 13:17:31.411817'),
(331, 'Chicken Chaat', 4, 1, 0, '2022-01-28 13:17:31.161513', '2022-01-28 13:17:31.411817'),
(332, 'King Prawn Jalfrezi', 1, 1, 0, '2022-01-28 13:17:31.161513', '2022-01-28 13:17:31.411817'),
(333, 'Puree', 2, 1, 0, '2022-01-28 13:17:31.161513', '2022-01-28 13:17:31.411817'),
(334, 'Lamb Tikka Biryani', 3, 1, 0, '2022-01-28 13:17:31.161513', '2022-01-28 13:17:31.411817'),
(335, 'Chapati', 6, 1, 0, '2022-01-28 13:17:31.161513', '2022-01-28 13:17:31.411817'),
(336, 'Onion Bhaji', 3, 1, 0, '2022-01-28 13:17:31.161513', '2022-01-28 13:17:31.411817'),
(337, 'Bombay Aloo', 4, 1, 0, '2022-01-28 13:17:31.161513', '2022-01-28 13:17:31.411817'),
(338, 'Mushroom Bhajee', 2, 1, 0, '2022-01-28 13:17:31.161513', '2022-01-28 13:17:31.411817'),
(339, 'King Prawn Puree', 3, 1, 0, '2022-01-28 13:17:31.161513', '2022-01-28 13:17:31.411817'),
(340, 'Prawn Puree', 3, 1, 0, '2022-01-28 13:17:31.161513', '2022-01-28 13:17:31.411817'),
(341, 'Chicken Tikka Jalfrezi', 3, 1, 0, '2022-01-28 13:17:31.161513', '2022-01-28 13:17:31.411817'),
(342, 'COBRA (660ML)', 3, 1, 0, '2022-01-28 13:17:31.161513', '2022-01-28 13:17:31.411817'),
(343, 'Chilli Paneer', 3, 1, 0, '2022-01-28 13:17:31.161513', '2022-01-28 13:17:31.411817'),
(344, 'Methi', 2, 1, 0, '2022-01-28 13:17:31.161513', '2022-01-28 13:17:31.411817'),
(345, 'Naan', 6, 1, 0, '2022-01-28 13:17:31.161513', '2022-01-28 13:17:31.411817'),
(346, 'Tandoori Fish', 2, 1, 0, '2022-01-28 13:17:31.161513', '2022-01-28 13:17:31.411817'),
(347, 'Tandoori Roti', 7, 1, 0, '2022-01-28 13:17:31.161513', '2022-01-28 13:17:31.411817'),
(348, 'Chicken Shashlick', 2, 1, 0, '2022-01-28 13:17:31.161513', '2022-01-28 13:17:31.411817'),
(349, 'Onion Bhaji', 5, 1, 0, '2022-01-28 13:17:31.161513', '2022-01-28 13:17:31.411817'),
(350, 'Lamb Biryani', 4, 1, 0, '2022-01-28 13:17:31.161513', '2022-01-28 13:17:31.411817'),
(351, 'Tandoori Paratha', 3, 1, 0, '2022-01-28 13:17:31.161513', '2022-01-28 13:17:31.411817'),
(352, 'Onion Bhaji', 4, 1, 0, '2022-01-28 13:17:31.161513', '2022-01-28 13:17:31.411817'),
(353, 'Vegetable Biryani', 2, 1, 0, '2022-01-28 13:17:31.161513', '2022-01-28 13:17:31.411817'),
(354, 'Chapati', 8, 1, 0, '2022-01-28 13:17:31.161513', '2022-01-28 13:17:31.411817'),
(355, 'Meat Samosa', 3, 1, 0, '2022-01-28 13:17:31.161513', '2022-01-28 13:17:31.411817'),
(356, 'Bottle Water 75cl', 1, 1, 0, '2022-01-28 13:17:31.161513', '2022-01-28 13:17:31.411817'),
(357, 'Mint Sauce', 5, 1, 0, '2022-01-28 13:17:31.161513', '2022-01-28 13:17:31.411817'),
(358, 'Tandoori Chicken (Main)', 2, 1, 0, '2022-01-28 13:17:31.161513', '2022-01-28 13:17:31.411817'),
(359, 'Keema Naan', 5, 1, 0, '2022-01-28 13:17:31.161513', '2022-01-28 13:17:31.411817'),
(360, 'Persian Chicken Biryani', 2, 1, 0, '2022-01-28 13:17:31.161513', '2022-01-28 13:17:31.411817'),
(361, 'Lamb Karahi', 2, 1, 0, '2022-01-28 13:17:31.161513', '2022-01-28 13:17:31.411817'),
(362, 'Chicken Shashlick', 3, 1, 0, '2022-01-28 13:17:31.161513', '2022-01-28 13:17:31.411817'),
(363, 'House Red wine 75cl', 1, 1, 0, '2022-01-28 13:17:31.161513', '2022-01-28 13:17:31.411817'),
(364, 'Chana Chaat', 4, 1, 0, '2022-01-28 13:17:31.161513', '2022-01-28 13:17:31.411817'),
(365, 'Garlic Chicken Rice', 2, 1, 0, '2022-01-28 13:17:31.161513', '2022-01-28 13:17:31.411817'),
(366, 'Garlic Rice', 2, 1, 0, '2022-01-28 13:17:31.161513', '2022-01-28 13:17:31.411817'),
(367, 'Chicken Tikka Sizzler', 2, 1, 0, '2022-01-28 13:17:31.161513', '2022-01-28 13:17:31.411817'),
(368, 'COBRA (330ML)', 2, 1, 0, '2022-01-28 13:17:31.161513', '2022-01-28 13:17:31.411817'),
(369, 'Aloo Chaat', 2, 1, 0, '2022-01-28 13:17:31.161513', '2022-01-28 13:17:31.411817'),
(370, 'Achar Chicken', 2, 1, 0, '2022-01-28 13:17:31.161513', '2022-01-28 13:17:31.411817'),
(371, 'Mixed Raita', 2, 1, 0, '2022-01-28 13:17:31.161513', '2022-01-28 13:17:31.411817'),
(372, 'Special Fried Rice', 5, 1, 0, '2022-01-28 13:17:31.161513', '2022-01-28 13:17:31.411817'),
(373, 'Tandoori Paratha', 2, 1, 0, '2022-01-28 13:17:31.161513', '2022-01-28 13:17:31.411817'),
(374, 'Chapati', 7, 1, 0, '2022-01-28 13:17:31.161513', '2022-01-28 13:17:31.411817'),
(375, 'Madras', 4, 1, 0, '2022-01-28 13:17:31.161513', '2022-01-28 13:17:31.411817'),
(376, 'Puree', 4, 1, 0, '2022-01-28 13:17:31.161513', '2022-01-28 13:17:31.411817'),
(377, 'Chicken Tikka Balti', 3, 1, 0, '2022-01-28 13:17:31.161513', '2022-01-28 13:17:31.411817'),
(378, 'Red Sauce', 4, 1, 0, '2022-01-28 13:17:31.161513', '2022-01-28 13:17:31.411817'),
(379, 'Lal Mirch Chicken', 2, 1, 0, '2022-01-28 13:17:31.161513', '2022-01-28 13:17:31.411817'),
(380, 'Chicken Shaslick', 1, 1, 0, '2022-01-28 13:17:31.161513', '2022-01-28 13:17:31.411817'),
(381, 'Lamb Chops (Main)', 2, 1, 0, '2022-01-28 13:17:31.161513', '2022-01-28 13:17:31.411817'),
(382, 'Dhansak', 3, 1, 0, '2022-01-28 13:17:31.161513', '2022-01-28 13:17:31.411817'),
(383, 'Madras Sauce', 2, 1, 0, '2022-01-28 13:17:31.161513', '2022-01-28 13:17:31.411817'),
(384, 'Korma Sauce', 2, 1, 0, '2022-01-28 13:17:31.161513', '2022-01-28 13:17:31.411817'),
(385, 'Lamb Shaslick', 1, 1, 0, '2022-01-28 13:17:31.161513', '2022-01-28 13:17:31.411817'),
(386, 'Chicken Tikka Pasanda', 2, 1, 0, '2022-01-28 13:17:31.161513', '2022-01-28 13:17:31.411817'),
(387, 'Lamb Biryani', 3, 1, 0, '2022-01-28 13:17:31.161513', '2022-01-28 13:17:31.411817'),
(388, 'Mix Starter', 1, 1, 0, '2022-01-28 13:17:31.161513', '2022-01-28 13:17:31.411817'),
(389, 'Chicken Tikka (Main)', 3, 1, 0, '2022-01-28 13:17:31.161513', '2022-01-28 13:17:31.411817'),
(390, 'Kulcha Naan', 3, 1, 0, '2022-01-28 13:17:31.161513', '2022-01-28 13:17:31.411817'),
(391, 'Garlic Mirch Lamb', 1, 1, 0, '2022-01-28 13:17:31.161513', '2022-01-28 13:17:31.411817'),
(392, 'Lime Pickle', 4, 1, 0, '2022-01-28 13:17:31.161513', '2022-01-28 13:17:31.411817'),
(393, 'Keema Naan', 4, 1, 0, '2022-01-28 13:17:31.161513', '2022-01-28 13:17:31.411817'),
(394, 'Peshwari Naan', 4, 1, 0, '2022-01-28 13:17:31.161513', '2022-01-28 13:17:31.411817'),
(395, 'Lemonade 1.5 ltr', 2, 1, 0, '2022-01-28 13:17:31.161513', '2022-01-28 13:17:31.411817'),
(396, 'Diet Coke 1.5 ltr', 2, 1, 0, '2022-01-28 13:17:31.161513', '2022-01-28 13:17:31.411817'),
(397, 'Egg Rice', 3, 1, 0, '2022-01-28 13:17:31.161513', '2022-01-28 13:17:31.411817'),
(398, 'Vegetable Samosa', 4, 1, 0, '2022-01-28 13:17:31.161513', '2022-01-28 13:17:31.411817'),
(399, 'Mix Starter', 3, 1, 0, '2022-01-28 13:17:31.161513', '2022-01-28 13:17:31.411817'),
(400, 'Pilau Rice', 6, 1, 0, '2022-01-28 13:17:31.161513', '2022-01-28 13:17:31.411817'),
(401, 'Chicken Tikka Balti', 2, 1, 0, '2022-01-28 13:17:31.161513', '2022-01-28 13:17:31.411817'),
(402, 'Vegetable Rice', 3, 1, 0, '2022-01-28 13:17:31.161513', '2022-01-28 13:17:31.411817'),
(403, 'Mint Sauce', 6, 1, 0, '2022-01-28 13:17:31.161513', '2022-01-28 13:17:31.411817'),
(404, 'Chicken Karahi', 2, 1, 0, '2022-01-28 13:17:31.161513', '2022-01-28 13:17:31.411817'),
(405, 'Vegetable Bhuna', 1, 1, 0, '2022-01-28 13:17:31.161513', '2022-01-28 13:17:31.411817'),
(406, 'Chicken Tikka (Main)', 4, 1, 0, '2022-01-28 13:17:31.161513', '2022-01-28 13:17:31.411817'),
(407, 'Tandoori Roti', 3, 1, 0, '2022-01-28 13:17:31.161513', '2022-01-28 13:17:31.411817'),
(408, 'Sheek Kehab', 4, 1, 0, '2022-01-28 13:17:31.161513', '2022-01-28 13:17:31.411817'),
(409, 'Lamb Tikka Masala', 2, 1, 0, '2022-01-28 13:17:31.161513', '2022-01-28 13:17:31.411817'),
(410, 'Chicken Shaslick', 2, 1, 0, '2022-01-28 13:17:31.161513', '2022-01-28 13:17:31.411817'),
(411, 'Lamb Chops (Main)', 3, 1, 0, '2022-01-28 13:17:31.161513', '2022-01-28 13:17:31.411817'),
(412, 'Lamb Chops', 3, 1, 0, '2022-01-28 13:17:31.161513', '2022-01-28 13:17:31.411817'),
(413, 'Jinga Chillies', 2, 1, 0, '2022-01-28 13:17:31.161513', '2022-01-28 13:17:31.411817'),
(414, 'Korma Sauce', 3, 1, 0, '2022-01-28 13:17:31.161513', '2022-01-28 13:17:31.411817'),
(415, 'Green Salad', 2, 1, 0, '2022-01-28 13:17:31.161513', '2022-01-28 13:17:31.411817'),
(416, 'Muttar Paneer', 2, 1, 0, '2022-01-28 13:17:31.161513', '2022-01-28 13:17:31.411817'),
(417, 'Plain Papadum', 9, 1, 0, '2022-01-28 13:17:31.161513', '2022-01-28 13:17:31.411817'),
(418, 'Tandoori Roti', 6, 1, 0, '2022-01-28 13:17:31.161513', '2022-01-28 13:17:31.411817'),
(419, 'Green Salad', 4, 1, 0, '2022-01-28 13:17:31.161513', '2022-01-28 13:17:31.411817'),
(420, 'Chicken Pakora', 2, 1, 0, '2022-01-28 13:17:31.161513', '2022-01-28 13:17:31.411817'),
(421, 'Mushroom', 2, 1, 0, '2022-01-28 13:17:31.161513', '2022-01-28 13:17:31.411817'),
(422, 'Curry Sauce', 2, 1, 0, '2022-01-28 13:17:31.161513', '2022-01-28 13:17:31.411817'),
(423, 'Onion Chutney', 5, 1, 0, '2022-01-28 13:17:31.161513', '2022-01-28 13:17:31.411817'),
(424, 'Vegetable Biryani', 3, 1, 0, '2022-01-28 13:17:31.161513', '2022-01-28 13:17:31.411817'),
(425, 'Chicken Shashlick Curry', 3, 1, 0, '2022-01-28 13:17:31.161513', '2022-01-28 13:17:31.411817'),
(426, 'COBRA (660ML)', 4, 1, 0, '2022-01-28 13:17:31.161513', '2022-01-28 13:17:31.411817'),
(427, 'Lamb Tikka Jalfrezi', 2, 1, 0, '2022-01-28 13:17:31.161513', '2022-01-28 13:17:31.411817'),
(428, 'Graps Specil', 1, 1, 0, '2022-01-28 13:17:31.161513', '2022-01-28 13:17:31.411817'),
(429, 'Graps Specil', 2, 1, 0, '2022-01-28 13:17:31.161513', '2022-01-28 13:17:31.411817'),
(430, 'Pathia', 2, 1, 0, '2022-01-28 13:17:31.161513', '2022-01-28 13:17:31.411817'),
(431, 'Bombay', 2, 1, 0, '2022-01-28 13:17:31.161513', '2022-01-28 13:17:31.411817'),
(432, 'Tandoori Fish Karahi', 2, 1, 0, '2022-01-28 13:17:31.161513', '2022-01-28 13:17:31.411817'),
(433, 'Chana Masala', 4, 1, 0, '2022-01-28 13:17:31.161513', '2022-01-28 13:17:31.411817'),
(434, 'Bhindi Bhajee', 4, 1, 0, '2022-01-28 13:17:31.161513', '2022-01-28 13:17:31.411817'),
(435, 'Sheek Kehab', 3, 1, 0, '2022-01-28 13:17:31.161513', '2022-01-28 13:17:31.411817'),
(436, 'Garlic Rice', 3, 1, 0, '2022-01-28 13:17:31.161513', '2022-01-28 13:17:31.411817'),
(437, 'Perrier Water 75cl', 1, 1, 0, '2022-01-28 13:17:31.161513', '2022-01-28 13:17:31.411817'),
(438, 'Bangon Hari Mirch', 2, 1, 0, '2022-01-28 13:17:31.161513', '2022-01-28 13:17:31.411817'),
(439, 'French Fries', 3, 1, 0, '2022-01-28 13:17:31.161513', '2022-01-28 13:17:31.411817'),
(440, 'Prawn Biryani', 2, 1, 0, '2022-01-28 13:17:31.161513', '2022-01-28 13:17:31.411817'),
(441, 'Vegetable Curry', 2, 1, 0, '2022-01-28 13:17:31.161513', '2022-01-28 13:17:31.411817'),
(442, 'Chilli Paneer', 2, 1, 0, '2022-01-28 13:17:31.161513', '2022-01-28 13:17:31.411817'),
(443, 'Tandoori Chicken', 3, 1, 0, '2022-01-28 13:17:31.161513', '2022-01-28 13:17:31.411817'),
(444, 'Chicken Tikka', 3, 1, 0, '2022-01-28 13:17:31.161513', '2022-01-28 13:17:31.411817'),
(445, 'Lamb Tikka', 3, 1, 0, '2022-01-28 13:17:31.161513', '2022-01-28 13:17:31.411817'),
(446, 'Royal Paneer', 3, 1, 0, '2022-01-28 13:17:31.161513', '2022-01-28 13:17:31.411817'),
(447, 'Chicken Tikka Karahi', 2, 1, 0, '2022-01-28 13:17:31.161513', '2022-01-28 13:17:31.411817'),
(448, 'Grapes Special', 2, 1, 0, '2022-01-28 13:17:31.161513', '2022-01-28 13:17:31.411817'),
(449, 'House white wine 75cl', 2, 1, 0, '2022-01-28 13:17:31.161513', '2022-01-28 13:17:31.411817'),
(450, 'Mix Starter', 2, 1, 0, '2022-01-28 13:17:31.161513', '2022-01-28 13:17:31.411817'),
(451, 'King Prawn Puree', 4, 1, 0, '2022-01-28 13:17:31.161513', '2022-01-28 13:17:31.411817'),
(452, 'Achar Lamb', 2, 1, 0, '2022-01-28 13:17:31.161513', '2022-01-28 13:17:31.411817'),
(453, 'Rogon', 2, 1, 0, '2022-01-28 13:17:31.161513', '2022-01-28 13:17:31.411817'),
(454, 'Tandoori Chicken (Main)', 3, 1, 0, '2022-01-28 13:17:31.161513', '2022-01-28 13:17:31.411817'),
(455, 'Paneer Pakora', 2, 1, 0, '2022-01-28 13:17:31.161513', '2022-01-28 13:17:31.411817'),
(456, 'Paner Pakora', 1, 1, 0, '2022-01-28 13:17:31.161513', '2022-01-28 13:17:31.411817'),
(457, 'Paner Pakora', 2, 1, 0, '2022-01-28 13:17:31.161513', '2022-01-28 13:17:31.411817'),
(458, 'Curry', 3, 1, 0, '2022-01-28 13:17:31.161513', '2022-01-28 13:17:31.411817'),
(459, 'Aloo Dupiaza', 1, 1, 0, '2022-01-28 13:17:31.161513', '2022-01-28 13:17:31.411817'),
(460, 'Paneer Pakora', 1, 1, 0, '2022-01-28 13:17:31.161513', '2022-01-28 13:17:31.411817'),
(461, 'Aloo Mithy', 1, 1, 0, '2022-01-28 13:17:31.161513', '2022-01-28 13:17:31.411817'),
(462, 'Paneer Karahi', 1, 1, 0, '2022-01-28 13:17:31.161513', '2022-01-28 13:17:31.411817'),
(463, 'Stuffed Paratha', 3, 1, 0, '2022-01-28 13:17:31.161513', '2022-01-28 13:17:31.411817'),
(464, 'Prawn Puree', 5, 1, 0, '2022-01-28 13:17:31.161513', '2022-01-28 13:17:31.411817'),
(465, 'Saag Aloo', 3, 1, 0, '2022-01-28 13:17:31.161513', '2022-01-28 13:17:31.411817'),
(466, 'Chicken Biryani', 3, 1, 0, '2022-01-28 13:17:31.161513', '2022-01-28 13:17:31.411817'),
(467, 'Chicken Hari Mirch', 1, 1, 0, '2022-01-28 13:17:31.161513', '2022-01-28 13:17:31.411817'),
(468, 'King Prawn Butterfly', 2, 1, 0, '2022-01-28 13:17:31.161513', '2022-01-28 13:17:31.411817'),
(469, 'Garlic Chicken', 2, 1, 0, '2022-01-28 13:17:31.161513', '2022-01-28 13:17:31.411817'),
(470, 'Tandoori Paratha', 6, 1, 0, '2022-01-28 13:17:31.161513', '2022-01-28 13:17:31.411817'),
(471, 'Lime Pickle', 3, 1, 0, '2022-01-28 13:17:31.161513', '2022-01-28 13:17:31.411817'),
(472, 'Lamb Hari Mirch', 1, 1, 0, '2022-01-28 13:17:31.161513', '2022-01-28 13:17:31.411817'),
(473, 'Lamb Hari Mirch', 2, 1, 0, '2022-01-28 13:17:31.161513', '2022-01-28 13:17:31.411817'),
(474, 'Chicken Hari Mirch', 3, 1, 0, '2022-01-28 13:17:31.161513', '2022-01-28 13:17:31.411817'),
(475, 'Vegetable Rice', 6, 1, 0, '2022-01-28 13:17:31.161513', '2022-01-28 13:17:31.411817'),
(476, 'Paneer Shaslick', 2, 1, 0, '2022-01-28 13:17:31.161513', '2022-01-28 13:17:31.411817'),
(477, 'Tandoori Fish (Main)', 2, 1, 0, '2022-01-28 13:17:31.161513', '2022-01-28 13:17:31.411817'),
(478, 'Mushroom Rice', 4, 1, 0, '2022-01-28 13:17:31.161513', '2022-01-28 13:17:31.411817'),
(479, 'Paneer Kurma', 1, 1, 0, '2022-01-28 13:17:31.161513', '2022-01-28 13:17:31.411817'),
(480, 'Pilau Rice', 7, 1, 0, '2022-01-28 13:17:31.161513', '2022-01-28 13:17:31.411817'),
(481, 'Chicken Chilli Suka', 2, 1, 0, '2022-01-28 13:17:31.161513', '2022-01-28 13:17:31.411817'),
(482, 'Chicken Hari Mirch', 2, 1, 0, '2022-01-28 13:17:31.161513', '2022-01-28 13:17:31.411817'),
(483, 'Spicy Papadum', 5, 1, 0, '2022-01-28 13:17:31.161513', '2022-01-28 13:17:31.411817'),
(484, 'Tandoori Mixed Grill', 3, 1, 0, '2022-01-28 13:17:31.161513', '2022-01-28 13:17:31.411817'),
(485, 'Grapes Special', 4, 1, 0, '2022-01-28 13:17:31.161513', '2022-01-28 13:17:31.411817'),
(486, 'Puree', 3, 1, 0, '2022-01-28 13:17:31.161513', '2022-01-28 13:17:31.411817'),
(487, 'Saag Dall', 2, 1, 0, '2022-01-28 13:17:31.161513', '2022-01-28 13:17:31.411817'),
(488, 'Bottle Water 75cl', 2, 1, 0, '2022-01-28 13:17:31.161513', '2022-01-28 13:17:31.411817'),
(489, 'Garlic Naan', 8, 1, 0, '2022-01-28 13:17:31.161513', '2022-01-28 13:17:31.411817'),
(490, 'Chicken Shashlick Curry', 2, 1, 0, '2022-01-28 13:17:31.161513', '2022-01-28 13:17:31.411817'),
(491, 'Sheek Kebab (Main)', 7, 1, 0, '2022-01-28 13:17:31.161513', '2022-01-28 13:17:31.411817'),
(492, 'Lamb Tikka Balti', 2, 1, 0, '2022-01-28 13:17:31.161513', '2022-01-28 13:17:31.411817'),
(493, 'Saag Bhajee', 2, 1, 0, '2022-01-28 13:17:31.161513', '2022-01-28 13:17:31.411817'),
(494, 'Vegetable Jalfrezi', 1, 1, 0, '2022-01-28 13:17:31.161513', '2022-01-28 13:17:31.411817'),
(495, 'Mini Bhaji', 4, 1, 0, '2022-01-28 13:17:31.161513', '2022-01-28 13:17:31.411817'),
(496, 'Chicken Tikka Masala', 5, 1, 0, '2022-01-28 13:17:31.161513', '2022-01-28 13:17:31.411817'),
(497, 'Plain Papadum', 11, 1, 0, '2022-01-28 13:17:31.161513', '2022-01-28 13:17:31.411817'),
(498, 'Achar Lamb', 3, 1, 0, '2022-01-28 13:17:31.161513', '2022-01-28 13:17:31.411817'),
(499, 'Mini Bhaji', 3, 1, 0, '2022-01-28 13:17:31.161513', '2022-01-28 13:17:31.411817'),
(500, 'Vindaloo', 3, 1, 0, '2022-01-28 13:17:31.161513', '2022-01-28 13:17:31.411817'),
(501, 'Curry', 4, 1, 0, '2022-01-28 13:17:31.161513', '2022-01-28 13:17:31.411817'),
(502, 'Tandoori King Prawn Masala', 2, 1, 0, '2022-01-28 13:17:31.161513', '2022-01-28 13:17:31.411817'),
(503, 'Lamb Tikka (Main)', 2, 1, 0, '2022-01-28 13:17:31.161513', '2022-01-28 13:17:31.411817'),
(504, 'Lal Mirch Lamb', 2, 1, 0, '2022-01-28 13:17:31.161513', '2022-01-28 13:17:31.411817'),
(505, 'King Prawn Balti', 2, 1, 0, '2022-01-28 13:17:31.161513', '2022-01-28 13:17:31.411817'),
(506, 'Bottle Coke', 1, 1, 0, '2022-01-28 13:17:31.161513', '2022-01-28 13:17:31.411817'),
(507, 'Madras - Chicken', 1, 1, 0, '2022-01-28 13:17:31.161513', '2022-01-28 13:17:31.411817'),
(508, 'Pathia - Chicken', 1, 1, 0, '2022-01-28 13:17:31.161513', '2022-01-28 13:17:31.411817'),
(509, 'Bhuna - Chicken', 1, 1, 0, '2022-01-28 13:17:31.161513', '2022-01-28 13:17:31.411817'),
(510, 'Korma - Chicken', 1, 1, 0, '2022-01-28 13:17:31.161513', '2022-01-28 13:17:31.411817'),
(511, 'Dhansak - Chicken Tikka', 1, 1, 0, '2022-01-28 13:17:31.161513', '2022-01-28 13:17:31.411817'),
(512, 'Dupiaza - Chicken', 1, 1, 2, '2022-01-28 13:17:31.161513', '2022-01-29 03:46:06.964487'),
(513, 'Curry - King Prawn', 1, 1, 0, '2022-01-28 13:17:31.161513', '2022-01-28 13:17:31.411817'),
(514, 'Curry - Chicken', 1, 1, 1, '2022-01-28 13:17:31.161513', '2022-01-29 02:11:17.161049'),
(515, 'Rogon - Lamb', 1, 1, 2, '2022-01-28 13:17:31.161513', '2022-01-29 03:48:53.958479'),
(516, 'Cylon - Chicken', 1, 1, 0, '2022-01-28 13:17:31.161513', '2022-01-28 13:17:31.411817'),
(517, 'Korma - Chicken Tikka', 1, 1, 0, '2022-01-28 13:17:31.161513', '2022-01-28 13:17:31.411817'),
(518, 'Vindaloo - Chicken', 1, 1, 0, '2022-01-28 13:17:31.161513', '2022-01-28 13:17:31.411817'),
(519, 'Bhuna - Lamb', 1, 1, 0, '2022-01-28 13:17:31.161513', '2022-01-28 13:17:31.411817'),
(520, 'Korma - Lamb', 1, 1, 0, '2022-01-28 13:17:31.161513', '2022-01-28 13:17:31.411817'),
(521, 'Dupiaza - Lamb', 1, 1, 0, '2022-01-28 13:17:31.161513', '2022-01-28 13:17:31.411817'),
(522, 'Madras - Lamb', 1, 1, 0, '2022-01-28 13:17:31.161513', '2022-01-28 13:17:31.411817'),
(523, 'Pathia - Chicken', 2, 1, 0, '2022-01-28 13:17:31.161513', '2022-01-28 13:17:31.411817'),
(524, 'Mushroom - Chicken', 1, 1, 0, '2022-01-28 13:17:31.161513', '2022-01-28 13:17:31.411817'),
(525, 'Curry - Lamb', 1, 1, 0, '2022-01-28 13:17:31.161513', '2022-01-28 13:17:31.411817'),
(526, 'Madras - Chicken Tikka', 1, 1, 0, '2022-01-28 13:17:31.161513', '2022-01-28 13:17:31.411817'),
(527, 'Curry - Chicken Tikka', 1, 1, 0, '2022-01-28 13:17:31.161513', '2022-01-28 13:17:31.411817'),
(528, 'Methi - King Prawn', 1, 1, 0, '2022-01-28 13:17:31.161513', '2022-01-28 13:17:31.411817'),
(529, 'Korma - Chicken', 2, 1, 0, '2022-01-28 13:17:31.161513', '2022-01-28 13:17:31.411817'),
(530, 'Korma - King Prawn', 1, 1, 0, '2022-01-28 13:17:31.161513', '2022-01-28 13:17:31.411817'),
(531, 'Saag - Lamb', 1, 1, 0, '2022-01-28 13:17:31.161513', '2022-01-28 13:17:31.411817'),
(532, 'Bhuna - chicken', 2, 1, 0, '2022-01-28 13:17:31.161513', '2022-01-28 13:17:31.411817'),
(533, 'Dhansak - chicken', 1, 1, 0, '2022-01-28 13:17:31.161513', '2022-01-28 13:17:31.411817'),
(534, 'Rogon - chicken', 1, 1, 0, '2022-01-28 13:17:31.161513', '2022-01-28 13:17:31.411817'),
(535, 'Curry - chicken', 2, 1, 0, '2022-01-28 13:17:31.161513', '2022-01-28 13:17:31.411817'),
(536, 'Bombay - chicken-tikka', 1, 1, 0, '2022-01-28 13:17:31.161513', '2022-01-28 13:17:31.411817'),
(537, 'Korma - prawn', 1, 1, 0, '2022-01-28 13:17:31.161513', '2022-01-28 13:17:31.411817'),
(538, 'Bottle Coke', 2, 1, 0, '2022-01-28 13:17:31.161513', '2022-01-28 13:17:31.411817'),
(539, 'Curry - chicken-tikka', 1, 1, 0, '2022-01-28 13:17:31.161513', '2022-01-28 13:17:31.411817'),
(540, 'Malaya - chicken-tikka', 1, 1, 0, '2022-01-28 13:17:31.161513', '2022-01-28 13:17:31.411817'),
(541, 'Korma - chicken-tikka', 1, 1, 0, '2022-01-28 13:17:31.161513', '2022-01-28 13:17:31.411817'),
(542, 'Madras - chicken', 2, 1, 0, '2022-01-28 13:17:31.161513', '2022-01-28 13:17:31.411817'),
(543, 'Methi - chicken', 1, 1, 0, '2022-01-28 13:17:31.161513', '2022-01-28 13:17:31.411817'),
(544, 'Dhansak - lamb', 1, 1, 0, '2022-01-28 13:17:31.161513', '2022-01-28 13:17:31.411817'),
(545, 'Saag - chicken', 1, 1, 0, '2022-01-28 13:17:31.161513', '2022-01-28 13:17:31.411817'),
(546, 'Bombay - chicken', 1, 1, 0, '2022-01-28 13:17:31.161513', '2022-01-28 13:17:31.411817');
INSERT INTO `restaurant_item` (`id`, `name`, `price`, `restaurant_id`, `count`, `created_at`, `updated_at`) VALUES
(547, 'Madras - chicken-tikka', 1, 1, 0, '2022-01-28 13:17:31.161513', '2022-01-28 13:17:31.411817'),
(548, 'Bhuna - chicken-tikka', 1, 1, 0, '2022-01-28 13:17:31.161513', '2022-01-28 13:17:31.411817'),
(549, 'Korma - chicken', 3, 1, 0, '2022-01-28 13:17:31.161513', '2022-01-28 13:17:31.411817'),
(550, 'Rogon - chicken-tikka', 1, 1, 0, '2022-01-28 13:17:31.161513', '2022-01-28 13:17:31.411817'),
(551, 'Dupiaza - king-prawn', 1, 1, 0, '2022-01-28 13:17:31.161513', '2022-01-28 13:17:31.411817'),
(552, 'Vindaloo - lamb', 1, 1, 0, '2022-01-28 13:17:31.161513', '2022-01-28 13:17:31.411817'),
(553, 'Pathia - chicken-tikka', 1, 1, 0, '2022-01-28 13:17:31.161513', '2022-01-28 13:17:31.411817'),
(554, 'Vindaloo - prawn', 1, 1, 0, '2022-01-28 13:17:31.161513', '2022-01-28 13:17:31.411817'),
(555, 'Dhansak - chicken-tikka', 1, 1, 0, '2022-01-28 13:17:31.161513', '2022-01-28 13:17:31.411817'),
(556, 'Curry - king-prawn', 1, 1, 0, '2022-01-28 13:17:31.161513', '2022-01-28 13:17:31.411817'),
(557, 'Methi - lamb', 1, 1, 0, '2022-01-28 13:17:31.161513', '2022-01-28 13:17:31.411817'),
(558, 'Pathia - king-prawn', 1, 1, 0, '2022-01-28 13:17:31.161513', '2022-01-28 13:17:31.411817'),
(559, 'Madras - prawn', 1, 1, 0, '2022-01-28 13:17:31.161513', '2022-01-28 13:17:31.411817'),
(560, 'Curry - prawn', 1, 1, 0, '2022-01-28 13:17:31.161513', '2022-01-28 13:17:31.411817'),
(561, 'Curry - chicken', 3, 1, 0, '2022-01-28 13:17:31.161513', '2022-01-28 13:17:31.411817'),
(562, 'Vindaloo - chicken-tikka', 1, 1, 0, '2022-01-28 13:17:31.161513', '2022-01-28 13:17:31.411817'),
(563, 'Lamb Shaslick', 2, 1, 0, '2022-01-28 13:17:31.161513', '2022-01-28 13:17:31.411817'),
(564, 'Madras - king-prawn', 1, 1, 0, '2022-01-28 13:17:31.161513', '2022-01-28 13:17:31.411817'),
(565, 'Saag - king-prawn', 1, 1, 0, '2022-01-28 13:17:31.161513', '2022-01-28 13:17:31.411817'),
(566, 'Pathia - lamb', 1, 1, 0, '2022-01-28 13:17:31.161513', '2022-01-28 13:17:31.411817'),
(567, 'Keema Rice', 3, 1, 0, '2022-01-28 13:17:31.161513', '2022-01-28 13:17:31.411817'),
(568, 'Korma - lamb', 2, 1, 0, '2022-01-28 13:17:31.161513', '2022-01-28 13:17:31.411817'),
(569, 'Bhuna - king-prawn', 1, 1, 0, '2022-01-28 13:17:31.161513', '2022-01-28 13:17:31.411817'),
(570, 'Methi - king-prawn', 1, 1, 0, '2022-01-28 13:17:31.161513', '2022-01-28 13:17:31.411817'),
(571, 'Dhansak - chicken', 2, 1, 0, '2022-01-28 13:17:31.161513', '2022-01-28 13:17:31.411817'),
(572, 'Mushroom Bhajee', 3, 1, 0, '2022-01-28 13:17:31.161513', '2022-01-28 13:17:31.411817'),
(573, 'Bottle Diet Coke', 1, 1, 0, '2022-01-28 13:17:31.161513', '2022-01-28 13:17:31.411817'),
(574, 'Keema Aloo', 1, 1, 0, '2022-01-28 13:17:31.161513', '2022-01-28 13:17:31.411817'),
(575, 'Dhansak - prawn', 1, 1, 0, '2022-01-28 13:17:31.161513', '2022-01-28 13:17:31.411817'),
(576, 'Mushroom - chicken-tikka', 1, 1, 0, '2022-01-28 13:17:31.161513', '2022-01-28 13:17:31.411817'),
(577, 'Bhuna - prawn', 1, 1, 0, '2022-01-28 13:17:31.161513', '2022-01-28 13:17:31.411817'),
(578, 'Rogon - chicken', 2, 1, 0, '2022-01-28 13:17:31.161513', '2022-01-28 13:17:31.411817'),
(579, 'Mushroom - lamb', 1, 1, 0, '2022-01-28 13:17:31.161513', '2022-01-28 13:17:31.411817'),
(580, 'Malaya - chicken', 1, 1, 0, '2022-01-28 13:17:31.161513', '2022-01-28 13:17:31.411817'),
(581, 'Saag - chicken-tikka', 1, 1, 0, '2022-01-28 13:17:31.161513', '2022-01-28 13:17:31.411817'),
(582, 'Pathia - prawn', 1, 1, 0, '2022-01-28 13:17:31.161513', '2022-01-28 13:17:31.411817'),
(583, 'Dhansak - king-prawn', 1, 1, 0, '2022-01-28 13:17:31.161513', '2022-01-28 13:17:31.411817'),
(584, 'Curry - lamb', 2, 1, 0, '2022-01-28 13:17:31.161513', '2022-01-28 13:17:31.411817'),
(585, 'COBRA (660ML)', 6, 1, 0, '2022-01-28 13:17:31.161513', '2022-01-28 13:17:31.411817'),
(586, 'Methi - lamb', 2, 1, 0, '2022-01-28 13:17:31.161513', '2022-01-28 13:17:31.411817'),
(587, 'Paneer Karahi', 3, 1, 0, '2022-01-28 13:17:31.161513', '2022-01-28 13:17:31.411817'),
(588, 'Keema Aloo', 3, 1, 0, '2022-01-28 13:17:31.161513', '2022-01-28 13:17:31.411817'),
(589, 'Cylon - prawn', 1, 1, 0, '2022-01-28 13:17:31.161513', '2022-01-28 13:17:31.411817'),
(590, 'Cylon - king-prawn', 1, 1, 0, '2022-01-28 13:17:31.161513', '2022-01-28 13:17:31.411817'),
(591, 'Chicken Tikka (Main)', 5, 1, 0, '2022-01-28 13:17:31.161513', '2022-01-28 13:17:31.411817'),
(592, 'Cylon - chicken-tikka', 1, 1, 0, '2022-01-28 13:17:31.161513', '2022-01-28 13:17:31.411817'),
(593, 'Chicken Karahi', 3, 1, 0, '2022-01-28 13:17:31.161513', '2022-01-28 13:17:31.411817'),
(594, 'Mushroom - chicken-tikka', 2, 1, 0, '2022-01-28 13:17:31.161513', '2022-01-28 13:17:31.411817'),
(595, 'Lamb Tikka Karahi', 2, 1, 0, '2022-01-28 13:17:31.161513', '2022-01-28 13:17:31.411817'),
(596, 'Vindaloo - king-prawn', 1, 1, 0, '2022-01-28 13:17:31.161513', '2022-01-28 13:17:31.411817'),
(597, 'Cylon - chicken', 2, 1, 0, '2022-01-28 13:17:31.161513', '2022-01-28 13:17:31.411817'),
(598, 'Mushroom - Chicken Tikka', 2, 1, 0, '2022-01-28 13:17:31.161513', '2022-01-28 13:17:31.411817'),
(599, 'Bhuna - Chicken Tikka', 1, 1, 0, '2022-01-28 13:17:31.161513', '2022-01-28 13:17:31.411817'),
(600, 'Cylon - King Prawn', 1, 1, 0, '2022-01-28 13:17:31.161513', '2022-01-28 13:17:31.411817'),
(601, 'Dhansak - King Prawn', 1, 1, 0, '2022-01-28 13:17:31.161513', '2022-01-28 13:17:31.411817'),
(602, 'Vindaloo - Chicken Tikka', 1, 1, 0, '2022-01-28 13:17:31.161513', '2022-01-28 13:17:31.411817'),
(603, 'Dupiaza - Chicken Tikka', 1, 1, 0, '2022-01-28 13:17:31.161513', '2022-01-28 13:17:31.411817'),
(604, 'Pathia - King Prawn', 1, 1, 0, '2022-01-28 13:17:31.161513', '2022-01-28 13:17:31.411817'),
(605, 'Royal Paneer', 2, 1, 0, '2022-01-28 13:17:31.161513', '2022-01-28 13:17:31.411817'),
(606, 'Vindaloo - King Prawn', 1, 1, 0, '2022-01-28 13:17:31.161513', '2022-01-28 13:17:31.411817'),
(607, 'Madras - King Prawn', 1, 1, 0, '2022-01-28 13:17:31.161513', '2022-01-28 13:17:31.411817'),
(608, 'Chicken Tikka Biryani', 4, 1, 0, '2022-01-28 13:17:31.161513', '2022-01-28 13:17:31.411817'),
(609, 'Saag - Chicken Tikka', 1, 1, 0, '2022-01-28 13:17:31.161513', '2022-01-28 13:17:31.411817'),
(610, 'Vegetable Samosa', 3, 1, 0, '2022-01-28 13:17:31.161513', '2022-01-28 13:17:31.411817'),
(611, 'Madras - Chicken', 3, 1, 0, '2022-01-28 13:17:31.161513', '2022-01-28 13:17:31.411817'),
(612, 'Mushroom - Chicken Tikka', 1, 1, 0, '2022-01-28 13:17:31.161513', '2022-01-28 13:17:31.411817'),
(613, 'Achar Chicken', 3, 1, 0, '2022-01-28 13:17:31.161513', '2022-01-28 13:17:31.411817'),
(614, 'Prawn Balti', 2, 1, 0, '2022-01-28 13:17:31.161513', '2022-01-28 13:17:31.411817'),
(615, 'Garlic Mirch Chicken', 2, 1, 0, '2022-01-28 13:17:31.161513', '2022-01-28 13:17:31.411817'),
(616, 'Methi - Chicken Tikka', 1, 1, 0, '2022-01-28 13:17:31.161513', '2022-01-28 13:17:31.411817'),
(617, 'Rogon - Chicken Tikka', 1, 1, 0, '2022-01-28 13:17:31.161513', '2022-01-28 13:17:31.411817'),
(618, 'Bhuna - King Prawn', 1, 1, 0, '2022-01-28 13:17:31.161513', '2022-01-28 13:17:31.411817'),
(619, 'Tandoori Chicken (Main)', 4, 1, 0, '2022-01-28 13:17:31.161513', '2022-01-28 13:17:31.411817'),
(620, 'Pathia - Chicken Tikka', 1, 1, 0, '2022-01-28 13:17:31.161513', '2022-01-28 13:17:31.411817'),
(621, 'Saag - King Prawn', 1, 1, 0, '2022-01-28 13:17:31.161513', '2022-01-28 13:17:31.411817'),
(622, 'Bombay - Lamb', 1, 1, 0, '2022-01-28 13:17:31.161513', '2022-01-28 13:17:31.411817'),
(623, 'Persian Lamb Biryani', 2, 1, 0, '2022-01-28 13:17:31.161513', '2022-01-28 13:17:31.411817'),
(624, 'Malaya - Prawn', 1, 1, 0, '2022-01-28 13:17:31.161513', '2022-01-28 13:17:31.411817'),
(625, 'Vegetable Rice', 4, 1, 0, '2022-01-28 13:17:31.161513', '2022-01-28 13:17:31.411817'),
(626, 'Lamb Karahi', 3, 1, 0, '2022-01-28 13:17:31.161513', '2022-01-28 13:17:31.411817'),
(627, 'Lamb Tikka Balti', 3, 1, 0, '2022-01-28 13:17:31.161513', '2022-01-28 13:17:31.411817'),
(628, 'Lamb Tikka', 2, 1, 0, '2022-01-28 13:17:31.161513', '2022-01-28 13:17:31.411817'),
(629, 'Chicken Biryani', 4, 1, 0, '2022-01-28 13:17:31.161513', '2022-01-28 13:17:31.411817'),
(630, 'Cylon - Chicken Tikka', 1, 1, 0, '2022-01-28 13:17:31.161513', '2022-01-28 13:17:31.411817'),
(631, 'Mushroom - Chicken', 2, 1, 0, '2022-01-28 13:17:31.161513', '2022-01-28 13:17:31.411817'),
(632, 'Madras - Lamb', 2, 1, 0, '2022-01-28 13:17:31.161513', '2022-01-28 13:17:31.411817'),
(633, 'Vindaloo - Lamb', 2, 1, 0, '2022-01-28 13:17:31.161513', '2022-01-28 13:17:31.411817'),
(634, 'Dhansak - Prawn', 2, 1, 0, '2022-01-28 13:17:31.161513', '2022-01-28 13:17:31.411817'),
(635, 'Pilau Rice', 8, 1, 0, '2022-01-28 13:17:31.161513', '2022-01-28 13:17:31.411817'),
(636, 'Dupiaza - Prawn', 1, 1, 0, '2022-01-28 13:17:31.161513', '2022-01-28 13:17:31.411817'),
(637, 'Chicken Biryani', 5, 1, 0, '2022-01-28 13:17:31.161513', '2022-01-28 13:17:31.411817'),
(638, 'Bombay - King Prawn', 1, 1, 0, '2022-01-28 13:17:31.161513', '2022-01-28 13:17:31.411817'),
(639, 'Madras - Chicken Tikka', 2, 1, 0, '2022-01-28 13:17:31.161513', '2022-01-28 13:17:31.411817'),
(640, 'Masala Sauce', 2, 1, 0, '2022-01-28 13:17:31.161513', '2022-01-28 13:17:31.411817'),
(641, 'Curry - Prawn', 2, 1, 0, '2022-01-28 13:17:31.161513', '2022-01-28 13:17:31.411817'),
(642, 'Tandoori Roti', 5, 1, 0, '2022-01-28 13:17:31.161513', '2022-01-28 13:17:31.411817'),
(643, 'Bombay - Chicken Tikka', 1, 1, 0, '2022-01-28 13:17:31.161513', '2022-01-28 13:17:31.411817'),
(644, 'Saag - Prawn', 1, 1, 0, '2022-01-28 13:17:31.161513', '2022-01-28 13:17:31.411817'),
(645, 'Garlic Lamb', 2, 1, 0, '2022-01-28 13:17:31.161513', '2022-01-28 13:17:31.411817'),
(646, 'Cylon - Lamb', 1, 1, 0, '2022-01-28 13:17:31.161513', '2022-01-28 13:17:31.411817'),
(647, 'Rogon - Lamb', 2, 1, 0, '2022-01-28 13:17:31.161513', '2022-01-28 13:17:31.411817'),
(648, 'Vegetable Jalfrezi', 2, 1, 0, '2022-01-28 13:17:31.161513', '2022-01-28 13:17:31.411817'),
(649, 'Paneer Sizzler', 2, 1, 0, '2022-01-28 13:17:31.161513', '2022-01-28 13:17:31.411817'),
(650, 'Rogon - King Prawn', 1, 1, 0, '2022-01-28 13:17:31.161513', '2022-01-28 13:17:31.411817'),
(651, 'Chicken Tikka Biryani', 3, 1, 0, '2022-01-28 13:17:31.161513', '2022-01-28 13:17:31.411817'),
(652, 'Bombay - Prawn', 1, 1, 0, '2022-01-28 13:17:31.161513', '2022-01-28 13:17:31.411817'),
(653, 'Tandoori Chicken (Main)', 5, 1, 0, '2022-01-28 13:17:31.161513', '2022-01-28 13:17:31.411817'),
(654, 'Malaya - Lamb', 1, 1, 0, '2022-01-28 13:17:31.161513', '2022-01-28 13:17:31.411817'),
(655, 'COBRA ( LARGE )', 1, 1, 0, '2022-01-28 13:17:31.161513', '2022-01-28 13:17:31.411817'),
(656, 'Malaya - Chicken Tikka', 1, 1, 0, '2022-01-28 13:17:31.161513', '2022-01-28 13:17:31.411817'),
(657, 'COBRA ( LARGE )', 2, 1, 0, '2022-01-28 13:17:31.161513', '2022-01-28 13:17:31.411817'),
(658, 'Vegetable Jalfrezi', 3, 1, 0, '2022-01-28 13:17:31.161513', '2022-01-28 13:17:31.411817'),
(659, 'Onion Bhaji', 6, 1, 0, '2022-01-28 13:17:31.161513', '2022-01-28 13:17:31.411817'),
(660, 'Mini Bhaji', 5, 1, 0, '2022-01-28 13:17:31.161513', '2022-01-28 13:17:31.411817'),
(661, 'Bhuna - Lamb', 2, 1, 0, '2022-01-28 13:17:31.161513', '2022-01-28 13:17:31.411817'),
(662, 'Onion Rice', 3, 1, 0, '2022-01-28 13:17:31.161513', '2022-01-28 13:17:31.411817'),
(663, 'Mango Chutney', 8, 1, 0, '2022-01-28 13:17:31.161513', '2022-01-28 13:17:31.411817'),
(664, 'Cauliflower Bhajee', 2, 1, 0, '2022-01-28 13:17:31.161513', '2022-01-28 13:17:31.411817'),
(665, 'Vindaloo - Chicken', 2, 1, 0, '2022-01-28 13:17:31.161513', '2022-01-28 13:17:31.411817'),
(666, 'Methi - Prawn', 1, 1, 0, '2022-01-28 13:17:31.161513', '2022-01-28 13:17:31.411817'),
(667, 'Lamb Roshni', 2, 1, 0, '2022-01-28 13:17:31.161513', '2022-01-28 13:17:31.411817'),
(668, 'Malaya - Chicken Tikka', 2, 1, 0, '2022-01-28 13:17:31.161513', '2022-01-28 13:17:31.411817'),
(669, 'Bottle Diet Coke', 2, 1, 0, '2022-01-28 13:17:31.161513', '2022-01-28 13:17:31.411817'),
(670, 'Dupiaza - King Prawn', 1, 1, 0, '2022-01-28 13:17:31.161513', '2022-01-28 13:17:31.411817'),
(671, 'Dupiaza - Lamb', 2, 1, 0, '2022-01-28 13:17:31.161513', '2022-01-28 13:17:31.411817'),
(672, 'Egg Paratha', 1, 1, 0, '2022-01-28 13:17:31.161513', '2022-01-28 13:17:31.411817'),
(673, 'Paratha', 5, 1, 0, '2022-01-28 13:17:31.161513', '2022-01-28 13:17:31.411817'),
(674, 'Sheek Kebab', 1, 1, 0, '2022-01-28 13:17:31.161513', '2022-01-28 13:17:31.411817'),
(675, 'Saag Paneer', 3, 1, 0, '2022-01-28 13:17:31.161513', '2022-01-28 13:17:31.411817'),
(676, 'Paratha', 6, 1, 0, '2022-01-28 13:17:31.161513', '2022-01-28 13:17:31.411817'),
(677, 'Garlic Naan', 6, 1, 0, '2022-01-28 13:17:31.161513', '2022-01-28 13:17:31.411817'),
(678, 'Tandoori Chicken Masala', 3, 1, 0, '2022-01-28 13:17:31.161513', '2022-01-28 13:17:31.411817'),
(679, 'Vegetable Dansak', 2, 1, 0, '2022-01-28 13:17:31.161513', '2022-01-28 13:17:31.411817'),
(680, 'Mushroom - King Prawn', 1, 1, 0, '2022-01-28 13:17:31.161513', '2022-01-28 13:17:31.411817'),
(681, 'COBRA (330ML)', 3, 1, 0, '2022-01-28 13:17:31.161513', '2022-01-28 13:17:31.411817'),
(682, 'Chapati', 9, 1, 0, '2022-01-28 13:17:31.161513', '2022-01-28 13:17:31.411817'),
(683, 'Curry - Chicken Tikka', 2, 1, 0, '2022-01-28 13:17:31.161513', '2022-01-28 13:17:31.411817'),
(684, 'Masala Sauce', 4, 1, 0, '2022-01-28 13:17:31.161513', '2022-01-28 13:17:31.411817'),
(685, 'Paratha', 4, 1, 0, '2022-01-28 13:17:31.161513', '2022-01-28 13:17:31.411817'),
(686, 'Madras - Chicken', 4, 1, 0, '2022-01-28 13:17:31.161513', '2022-01-28 13:17:31.411817'),
(687, 'Garlic Chicken', 3, 1, 0, '2022-01-28 13:17:31.161513', '2022-01-28 13:17:31.411817'),
(688, 'Sheek Kebab', 2, 1, 0, '2022-01-28 13:17:31.161513', '2022-01-28 13:17:31.411817'),
(689, 'Chicken Tikka (Main)', 6, 1, 0, '2022-01-28 13:17:31.161513', '2022-01-28 13:17:31.411817'),
(690, 'Aloo Dupiaza', 2, 1, 0, '2022-01-28 13:17:31.161513', '2022-01-28 13:17:31.411817'),
(691, 'Dhansak - Lamb', 2, 1, 0, '2022-01-28 13:17:31.161513', '2022-01-28 13:17:31.411817'),
(692, 'Aloo Dupiaza', 3, 1, 0, '2022-01-28 13:17:31.161513', '2022-01-28 13:17:31.411817'),
(693, 'Naan', 10, 1, 0, '2022-01-28 13:17:31.161513', '2022-01-28 13:17:31.411817'),
(694, 'Madras Sauce', 3, 1, 0, '2022-01-28 13:17:31.161513', '2022-01-28 13:17:31.411817'),
(695, 'King Prawn Shaslick', 7, 1, 0, '2022-01-28 13:17:31.161513', '2022-01-28 13:17:31.411817'),
(696, 'Dupiaza - Chicken', 2, 1, 0, '2022-01-28 13:17:31.161513', '2022-01-28 13:17:31.411817'),
(697, 'Curry - King Prawn', 2, 1, 0, '2022-01-28 13:17:31.161513', '2022-01-28 13:17:31.411817'),
(698, 'Madras - Lamb', 3, 1, 0, '2022-01-28 13:17:31.161513', '2022-01-28 13:17:31.411817'),
(699, 'Tandoori Paratha', 4, 1, 0, '2022-01-28 13:17:31.161513', '2022-01-28 13:17:31.411817'),
(700, 'Paneer Karahi', 2, 1, 0, '2022-01-28 13:17:31.161513', '2022-01-28 13:17:31.411817'),
(701, 'King Prawn Biryani', 2, 1, 0, '2022-01-26 13:17:31.000000', '2022-01-16 13:17:31.000000');

-- --------------------------------------------------------

--
-- Table structure for table `restaurant_order`
--

CREATE TABLE `restaurant_order` (
  `id` bigint(20) NOT NULL,
  `created_at` datetime(6) NOT NULL,
  `updated_at` datetime(6) NOT NULL
) ENGINE=InnoDB DEFAULT CHARSET=utf8mb4;

--
-- Dumping data for table `restaurant_order`
--

INSERT INTO `restaurant_order` (`id`, `created_at`, `updated_at`) VALUES
(1, '2022-01-28 10:48:51.262506', '2022-01-28 10:48:51.262506'),
(2, '2022-01-28 10:49:43.505794', '2022-01-28 10:49:43.505794'),
(3, '2022-01-28 10:50:14.237902', '2022-01-28 10:50:14.237902'),
(4, '2022-01-28 10:50:30.496156', '2022-01-28 10:50:30.496156'),
(5, '2022-01-28 10:52:29.190058', '2022-01-28 10:52:29.190058'),
(6, '2022-01-28 10:52:30.989999', '2022-01-28 10:52:30.989999'),
(7, '2022-01-28 10:52:33.586502', '2022-01-28 10:52:33.586502'),
(8, '2022-01-28 10:52:41.408787', '2022-01-28 10:52:41.408787'),
(9, '2022-01-28 10:52:42.363018', '2022-01-28 10:52:42.363018'),
(10, '2022-01-28 10:53:29.641983', '2022-01-28 10:53:29.641983'),
(11, '2022-01-28 10:53:31.062899', '2022-01-28 10:53:31.062899'),
(12, '2022-01-28 11:19:11.246634', '2022-01-28 11:19:11.247655'),
(13, '2022-01-28 11:19:16.226797', '2022-01-28 11:19:16.226797'),
(14, '2022-01-28 11:35:18.649827', '2022-01-28 11:35:18.649827'),
(15, '2022-01-28 11:35:52.937759', '2022-01-28 11:35:52.937759'),
(16, '2022-01-28 11:36:55.756029', '2022-01-28 11:36:55.757035'),
(17, '2022-01-28 11:38:13.739067', '2022-01-28 11:38:13.739067'),
(18, '2022-01-28 11:47:46.711091', '2022-01-28 11:47:46.711091'),
(19, '2022-01-28 11:49:56.324241', '2022-01-28 11:49:56.324241'),
(20, '2022-01-28 11:54:27.918819', '2022-01-28 11:54:27.918819'),
(21, '2022-01-28 11:54:44.013790', '2022-01-28 11:54:44.013790'),
(22, '2022-01-28 11:54:45.513391', '2022-01-28 11:54:45.513391'),
(23, '2022-01-28 12:17:22.023777', '2022-01-28 12:17:22.023777'),
(24, '2022-01-28 12:17:53.619380', '2022-01-28 12:17:53.619380'),
(25, '2022-01-28 12:18:19.570427', '2022-01-28 12:18:19.570427'),
(26, '2022-01-28 13:25:55.009520', '2022-01-28 13:25:55.009520'),
(27, '2022-01-28 14:42:51.107571', '2022-01-28 14:42:51.107571'),
(28, '2022-01-28 14:42:53.685048', '2022-01-28 14:42:53.685048'),
(29, '2022-01-29 00:24:59.750785', '2022-01-29 00:24:59.750785'),
(30, '2022-01-29 01:16:43.598565', '2022-01-29 01:16:43.598565'),
(31, '2022-01-29 02:01:52.364995', '2022-01-29 02:01:52.364995'),
(32, '2022-01-29 02:11:17.058701', '2022-01-29 02:11:17.059739'),
(33, '2022-01-29 03:46:06.859548', '2022-01-29 03:46:06.859548'),
(34, '2022-01-29 03:46:40.840255', '2022-01-29 03:46:40.840255'),
(35, '2022-01-29 03:48:53.609150', '2022-01-29 03:48:53.610124'),
(36, '2022-01-29 07:44:36.536073', '2022-01-29 07:44:36.536073'),
(37, '2022-01-29 07:45:16.174698', '2022-01-29 07:45:16.174698'),
(38, '2022-01-29 08:08:00.335590', '2022-01-29 08:08:00.335590'),
(39, '2022-01-29 08:08:04.085361', '2022-01-29 08:08:04.085361'),
(40, '2022-01-29 08:08:06.463676', '2022-01-29 08:08:06.463676'),
(41, '2022-01-29 08:08:54.302104', '2022-01-29 08:08:54.302104'),
(42, '2022-01-25 13:56:09.000000', '2022-01-25 08:09:23.000000'),
(43, '2022-01-29 08:10:04.125006', '2022-01-29 08:10:04.125006'),
(44, '2022-01-29 08:55:21.331874', '2022-01-29 08:55:21.331874'),
(45, '2022-01-29 12:58:18.079800', '2022-01-29 12:58:18.079800');

-- --------------------------------------------------------

--
-- Table structure for table `restaurant_orderitem`
--

CREATE TABLE `restaurant_orderitem` (
  `id` bigint(20) NOT NULL,
  `item_id` bigint(20) NOT NULL,
  `order_id` bigint(20) NOT NULL,
  `quantity` int(11) NOT NULL
) ENGINE=InnoDB DEFAULT CHARSET=utf8mb4;

--
-- Dumping data for table `restaurant_orderitem`
--

INSERT INTO `restaurant_orderitem` (`id`, `item_id`, `order_id`, `quantity`) VALUES
(1, 1, 3, 0),
(2, 3, 3, 78),
(3, 6, 3, 89),
(4, 2, 3, 89),
(5, 5, 3, 89),
(6, 9, 3, 89),
(7, 11, 3, 89),
(8, 12, 3, 89),
(9, 4, 3, 89),
(10, 7, 3, 89),
(11, 8, 3, 89),
(12, 10, 3, 89),
(13, 13, 3, 89),
(14, 14, 3, 89),
(15, 15, 3, 89),
(16, 16, 3, 89),
(17, 17, 3, 89),
(18, 1, 4, 0),
(19, 3, 4, 78),
(20, 6, 4, 89),
(21, 2, 4, 89),
(22, 5, 4, 89),
(23, 9, 4, 89),
(24, 11, 4, 89),
(25, 12, 4, 89),
(26, 4, 4, 89),
(27, 7, 4, 89),
(28, 8, 4, 89),
(29, 10, 4, 89),
(30, 13, 4, 89),
(31, 14, 4, 89),
(32, 15, 4, 89),
(33, 16, 4, 89),
(34, 17, 4, 89),
(35, 1, 5, 0),
(36, 3, 5, 78),
(37, 6, 5, 89),
(38, 2, 5, 89),
(39, 5, 5, 89),
(40, 9, 5, 89),
(41, 11, 5, 89),
(42, 12, 5, 89),
(43, 4, 5, 89),
(44, 7, 5, 89),
(45, 8, 5, 89),
(46, 10, 5, 89),
(47, 13, 5, 89),
(48, 14, 5, 89),
(49, 15, 5, 89),
(50, 16, 5, 89),
(51, 17, 5, 89),
(52, 1, 6, 0),
(53, 3, 6, 78),
(54, 6, 6, 89),
(55, 2, 6, 89),
(56, 5, 6, 89),
(57, 9, 6, 89),
(58, 11, 6, 89),
(59, 12, 6, 89),
(60, 4, 6, 89),
(61, 7, 6, 89),
(62, 8, 6, 89),
(63, 10, 6, 89),
(64, 13, 6, 89),
(65, 14, 6, 89),
(66, 15, 6, 89),
(67, 16, 6, 89),
(68, 17, 6, 89),
(69, 1, 7, 0),
(70, 3, 7, 78),
(71, 6, 7, 89),
(72, 2, 7, 89),
(73, 5, 7, 89),
(74, 9, 7, 89),
(75, 11, 7, 89),
(76, 12, 7, 89),
(77, 4, 7, 89),
(78, 7, 7, 89),
(79, 8, 7, 89),
(80, 10, 7, 89),
(81, 13, 7, 89),
(82, 14, 7, 89),
(83, 15, 7, 89),
(84, 16, 7, 89),
(85, 17, 7, 89),
(86, 1, 8, 0),
(87, 3, 8, 78),
(88, 6, 8, 89),
(89, 2, 8, 89),
(90, 5, 8, 89),
(91, 9, 8, 89),
(92, 11, 8, 89),
(93, 12, 8, 89),
(94, 4, 8, 89),
(95, 7, 8, 89),
(96, 8, 8, 89),
(97, 10, 8, 89),
(98, 13, 8, 89),
(99, 14, 8, 89),
(100, 15, 8, 89),
(101, 16, 8, 89),
(102, 17, 8, 89),
(103, 1, 9, 0),
(104, 3, 9, 78),
(105, 6, 9, 89),
(106, 2, 9, 89),
(107, 5, 9, 89),
(108, 9, 9, 89),
(109, 11, 9, 89),
(110, 12, 9, 89),
(111, 4, 9, 89),
(112, 7, 9, 89),
(113, 8, 9, 89),
(114, 10, 9, 89),
(115, 13, 9, 89),
(116, 14, 9, 89),
(117, 15, 9, 89),
(118, 16, 9, 89),
(119, 17, 9, 89),
(120, 1, 10, 0),
(121, 3, 10, 78),
(122, 6, 10, 89),
(123, 2, 10, 89),
(124, 5, 10, 89),
(125, 9, 10, 89),
(126, 11, 10, 89),
(127, 12, 10, 89),
(128, 4, 10, 89),
(129, 7, 10, 89),
(130, 8, 10, 89),
(131, 10, 10, 89),
(132, 13, 10, 89),
(133, 14, 10, 89),
(134, 15, 10, 89),
(135, 16, 10, 89),
(136, 17, 10, 89),
(137, 18, 10, 89),
(138, 1, 11, 0),
(139, 3, 11, 78),
(140, 6, 11, 89),
(141, 2, 11, 89),
(142, 5, 11, 89),
(143, 9, 11, 89),
(144, 11, 11, 89),
(145, 12, 11, 89),
(146, 4, 11, 89),
(147, 7, 11, 89),
(148, 8, 11, 89),
(149, 10, 11, 89),
(150, 13, 11, 89),
(151, 14, 11, 89),
(152, 15, 11, 89),
(153, 16, 11, 89),
(154, 17, 11, 89),
(155, 18, 11, 89),
(156, 1, 14, 78),
(157, 1, 15, 45),
(158, 4, 15, 343),
(159, 1, 16, 343),
(160, 3, 16, 343),
(161, 1, 17, 343),
(162, 2, 17, 343),
(163, 3, 17, 343),
(164, 1, 18, 6),
(165, 1, 19, 6),
(166, 1, 20, 78),
(167, 4, 20, 78),
(168, 1, 21, 78),
(169, 3, 21, 78),
(170, 7, 23, 0),
(171, 3, 23, 0),
(172, 1, 24, 1),
(173, 6, 24, 1),
(174, 1, 25, 1),
(175, 6, 25, 1),
(176, 10, 25, 1),
(177, 512, 30, 1),
(178, 1, 30, 1),
(179, 257, 30, 1),
(180, 260, 31, 1),
(181, 4, 31, 1),
(182, 515, 31, 1),
(183, 260, 31, 1),
(184, 514, 32, 1),
(185, 512, 33, 1),
(186, 515, 35, 1),
(187, 2, 36, 1),
(188, 2, 37, 1),
(189, 7, 38, 1),
(190, 7, 39, 1),
(191, 7, 40, 1),
(192, 7, 42, 1),
(193, 7, 43, 1),
(194, 10, 43, 10),
(195, 15, 43, 100),
(196, 22, 43, 100),
(197, 21, 43, 100),
(198, 25, 43, 100),
(199, 3, 44, 10),
(200, 2, 45, 1),
(201, 3, 45, 10),
(202, 5, 45, 101);

-- --------------------------------------------------------

--
-- Table structure for table `restaurant_restaurant`
--

CREATE TABLE `restaurant_restaurant` (
  `id` bigint(20) NOT NULL,
  `name` varchar(255) DEFAULT NULL
) ENGINE=InnoDB DEFAULT CHARSET=utf8mb4;

--
-- Dumping data for table `restaurant_restaurant`
--

INSERT INTO `restaurant_restaurant` (`id`, `name`) VALUES
(1, 'Hogwarts');

--
-- Indexes for dumped tables
--

--
-- Indexes for table `authtoken_token`
--
ALTER TABLE `authtoken_token`
  ADD PRIMARY KEY (`key`),
  ADD UNIQUE KEY `user_id` (`user_id`);

--
-- Indexes for table `auth_group`
--
ALTER TABLE `auth_group`
  ADD PRIMARY KEY (`id`),
  ADD UNIQUE KEY `name` (`name`);

--
-- Indexes for table `auth_group_permissions`
--
ALTER TABLE `auth_group_permissions`
  ADD PRIMARY KEY (`id`),
  ADD UNIQUE KEY `auth_group_permissions_group_id_permission_id_0cd325b0_uniq` (`group_id`,`permission_id`),
  ADD KEY `auth_group_permissio_permission_id_84c5c92e_fk_auth_perm` (`permission_id`);

--
-- Indexes for table `auth_permission`
--
ALTER TABLE `auth_permission`
  ADD PRIMARY KEY (`id`),
  ADD UNIQUE KEY `auth_permission_content_type_id_codename_01ab375a_uniq` (`content_type_id`,`codename`);

--
-- Indexes for table `auth_user`
--
ALTER TABLE `auth_user`
  ADD PRIMARY KEY (`id`),
  ADD UNIQUE KEY `username` (`username`);

--
-- Indexes for table `auth_user_groups`
--
ALTER TABLE `auth_user_groups`
  ADD PRIMARY KEY (`id`),
  ADD UNIQUE KEY `auth_user_groups_user_id_group_id_94350c0c_uniq` (`user_id`,`group_id`),
  ADD KEY `auth_user_groups_group_id_97559544_fk_auth_group_id` (`group_id`);

--
-- Indexes for table `auth_user_user_permissions`
--
ALTER TABLE `auth_user_user_permissions`
  ADD PRIMARY KEY (`id`),
  ADD UNIQUE KEY `auth_user_user_permissions_user_id_permission_id_14a6b632_uniq` (`user_id`,`permission_id`),
  ADD KEY `auth_user_user_permi_permission_id_1fbb5f2c_fk_auth_perm` (`permission_id`);

--
-- Indexes for table `django_admin_log`
--
ALTER TABLE `django_admin_log`
  ADD PRIMARY KEY (`id`),
  ADD KEY `django_admin_log_content_type_id_c4bce8eb_fk_django_co` (`content_type_id`),
  ADD KEY `django_admin_log_user_id_c564eba6_fk_auth_user_id` (`user_id`);

--
-- Indexes for table `django_content_type`
--
ALTER TABLE `django_content_type`
  ADD PRIMARY KEY (`id`),
  ADD UNIQUE KEY `django_content_type_app_label_model_76bd3d3b_uniq` (`app_label`,`model`);

--
-- Indexes for table `django_migrations`
--
ALTER TABLE `django_migrations`
  ADD PRIMARY KEY (`id`);

--
-- Indexes for table `django_session`
--
ALTER TABLE `django_session`
  ADD PRIMARY KEY (`session_key`),
  ADD KEY `django_session_expire_date_a5c62663` (`expire_date`);

--
-- Indexes for table `restaurant_item`
--
ALTER TABLE `restaurant_item`
  ADD PRIMARY KEY (`id`),
  ADD KEY `restaurant_item_restaurant_id_2d2de7a8_fk_restauran` (`restaurant_id`);

--
-- Indexes for table `restaurant_order`
--
ALTER TABLE `restaurant_order`
  ADD PRIMARY KEY (`id`);

--
-- Indexes for table `restaurant_orderitem`
--
ALTER TABLE `restaurant_orderitem`
  ADD PRIMARY KEY (`id`),
  ADD KEY `restaurant_orderitem_item_id_4cec6c2a_fk_restaurant_item_id` (`item_id`),
  ADD KEY `restaurant_orderitem_order_id_35868422_fk_restaurant_order_id` (`order_id`);

--
-- Indexes for table `restaurant_restaurant`
--
ALTER TABLE `restaurant_restaurant`
  ADD PRIMARY KEY (`id`);

--
-- AUTO_INCREMENT for dumped tables
--

--
-- AUTO_INCREMENT for table `auth_group`
--
ALTER TABLE `auth_group`
  MODIFY `id` int(11) NOT NULL AUTO_INCREMENT;

--
-- AUTO_INCREMENT for table `auth_group_permissions`
--
ALTER TABLE `auth_group_permissions`
  MODIFY `id` bigint(20) NOT NULL AUTO_INCREMENT;

--
-- AUTO_INCREMENT for table `auth_permission`
--
ALTER TABLE `auth_permission`
  MODIFY `id` int(11) NOT NULL AUTO_INCREMENT, AUTO_INCREMENT=49;

--
-- AUTO_INCREMENT for table `auth_user`
--
ALTER TABLE `auth_user`
  MODIFY `id` int(11) NOT NULL AUTO_INCREMENT, AUTO_INCREMENT=2;

--
-- AUTO_INCREMENT for table `auth_user_groups`
--
ALTER TABLE `auth_user_groups`
  MODIFY `id` bigint(20) NOT NULL AUTO_INCREMENT;

--
-- AUTO_INCREMENT for table `auth_user_user_permissions`
--
ALTER TABLE `auth_user_user_permissions`
  MODIFY `id` bigint(20) NOT NULL AUTO_INCREMENT;

--
-- AUTO_INCREMENT for table `django_admin_log`
--
ALTER TABLE `django_admin_log`
  MODIFY `id` int(11) NOT NULL AUTO_INCREMENT, AUTO_INCREMENT=4;

--
-- AUTO_INCREMENT for table `django_content_type`
--
ALTER TABLE `django_content_type`
  MODIFY `id` int(11) NOT NULL AUTO_INCREMENT, AUTO_INCREMENT=13;

--
-- AUTO_INCREMENT for table `django_migrations`
--
ALTER TABLE `django_migrations`
  MODIFY `id` bigint(20) NOT NULL AUTO_INCREMENT, AUTO_INCREMENT=30;

--
-- AUTO_INCREMENT for table `restaurant_item`
--
ALTER TABLE `restaurant_item`
  MODIFY `id` bigint(20) NOT NULL AUTO_INCREMENT, AUTO_INCREMENT=702;

--
-- AUTO_INCREMENT for table `restaurant_order`
--
ALTER TABLE `restaurant_order`
  MODIFY `id` bigint(20) NOT NULL AUTO_INCREMENT, AUTO_INCREMENT=46;

--
-- AUTO_INCREMENT for table `restaurant_orderitem`
--
ALTER TABLE `restaurant_orderitem`
  MODIFY `id` bigint(20) NOT NULL AUTO_INCREMENT, AUTO_INCREMENT=203;

--
-- AUTO_INCREMENT for table `restaurant_restaurant`
--
ALTER TABLE `restaurant_restaurant`
  MODIFY `id` bigint(20) NOT NULL AUTO_INCREMENT, AUTO_INCREMENT=2;

--
-- Constraints for dumped tables
--

--
-- Constraints for table `authtoken_token`
--
ALTER TABLE `authtoken_token`
  ADD CONSTRAINT `authtoken_token_user_id_35299eff_fk_auth_user_id` FOREIGN KEY (`user_id`) REFERENCES `auth_user` (`id`);

--
-- Constraints for table `auth_group_permissions`
--
ALTER TABLE `auth_group_permissions`
  ADD CONSTRAINT `auth_group_permissio_permission_id_84c5c92e_fk_auth_perm` FOREIGN KEY (`permission_id`) REFERENCES `auth_permission` (`id`),
  ADD CONSTRAINT `auth_group_permissions_group_id_b120cbf9_fk_auth_group_id` FOREIGN KEY (`group_id`) REFERENCES `auth_group` (`id`);

--
-- Constraints for table `auth_permission`
--
ALTER TABLE `auth_permission`
  ADD CONSTRAINT `auth_permission_content_type_id_2f476e4b_fk_django_co` FOREIGN KEY (`content_type_id`) REFERENCES `django_content_type` (`id`);

--
-- Constraints for table `auth_user_groups`
--
ALTER TABLE `auth_user_groups`
  ADD CONSTRAINT `auth_user_groups_group_id_97559544_fk_auth_group_id` FOREIGN KEY (`group_id`) REFERENCES `auth_group` (`id`),
  ADD CONSTRAINT `auth_user_groups_user_id_6a12ed8b_fk_auth_user_id` FOREIGN KEY (`user_id`) REFERENCES `auth_user` (`id`);

--
-- Constraints for table `auth_user_user_permissions`
--
ALTER TABLE `auth_user_user_permissions`
  ADD CONSTRAINT `auth_user_user_permi_permission_id_1fbb5f2c_fk_auth_perm` FOREIGN KEY (`permission_id`) REFERENCES `auth_permission` (`id`),
  ADD CONSTRAINT `auth_user_user_permissions_user_id_a95ead1b_fk_auth_user_id` FOREIGN KEY (`user_id`) REFERENCES `auth_user` (`id`);

--
-- Constraints for table `django_admin_log`
--
ALTER TABLE `django_admin_log`
  ADD CONSTRAINT `django_admin_log_content_type_id_c4bce8eb_fk_django_co` FOREIGN KEY (`content_type_id`) REFERENCES `django_content_type` (`id`),
  ADD CONSTRAINT `django_admin_log_user_id_c564eba6_fk_auth_user_id` FOREIGN KEY (`user_id`) REFERENCES `auth_user` (`id`);

--
-- Constraints for table `restaurant_item`
--
ALTER TABLE `restaurant_item`
  ADD CONSTRAINT `restaurant_item_restaurant_id_2d2de7a8_fk_restauran` FOREIGN KEY (`restaurant_id`) REFERENCES `restaurant_restaurant` (`id`);

--
-- Constraints for table `restaurant_orderitem`
--
ALTER TABLE `restaurant_orderitem`
  ADD CONSTRAINT `restaurant_orderitem_item_id_4cec6c2a_fk_restaurant_item_id` FOREIGN KEY (`item_id`) REFERENCES `restaurant_item` (`id`),
  ADD CONSTRAINT `restaurant_orderitem_order_id_35868422_fk_restaurant_order_id` FOREIGN KEY (`order_id`) REFERENCES `restaurant_order` (`id`);
COMMIT;

/*!40101 SET CHARACTER_SET_CLIENT=@OLD_CHARACTER_SET_CLIENT */;
/*!40101 SET CHARACTER_SET_RESULTS=@OLD_CHARACTER_SET_RESULTS */;
/*!40101 SET COLLATION_CONNECTION=@OLD_COLLATION_CONNECTION */;
